NAME,QTY
KVM-Коммуникатор 2port D-Link KVM-221/RU,1
"KVM-Коммуникатор 3port LANBERG SWV-HDMI-0003 (3xHDMI, Micro USB, Remote Controller)",2
KVM-Коммуникатор 4port D-Link DKVM-4U/C1A,1
"Автоматический стабилизатор напряжения SVEN VR-L1500 (500W, 2xCEE7/4+1xІЕС 320)",1
"Адаптер Bluetooth Asus USB-BT400 (USB, 10м)",1
"Адаптер Bluetooth TP-Link UB500 (USB, BT 5.0+EDR, 20м)",1
Адаптер Buro BU-DVI-VGA DVI-D(M)->VGA(F) BLACK,2
"Адаптер Buro BU-HDMI(F)-DP(M) DisplayPort(M) -> HDMI(F), Black",5
Адаптер LANBERG AD-0006-BK DISPLAYPORT MINI(M)->VGA(F) BLACK,3
Адаптер LANBERG AD-0007-BK DISPLAYPORT(M)->DVI-D(F) (24+5) DUAL LINK,4
Адаптер LANBERG AD-0009-BK DISPLAYPORT(M)->HDMI(F) 10CM,1
Адаптер LANBERG AD-0015-BK HDMI-A(F)->MICRO HDMI-D(M),5
Адаптер LANBERG AD-0017-BK HDMI-A(M)->VGA(F)+AUDIO ON CABLE,4
Адаптер LANBERG AD-0019-BK HDMI-AM->HDMI-AF X2 SPLITTER 20CM,3
Адаптер LANBERG AD-0028-W USB->LPT 1.4M WHITE,1
"Адаптер LANBERG AD-0033-BK HDMI-AM->HDMI-AF (90 degrees, Down)",3
"Адаптер LANBERG AD-0036-BK HDMI-AM->HDMI-AF (90 degrees, Right)",6
Адаптер LANBERG AD-LM-UM-01 MICRO USB 2.0 TYPE-A(M)->TYPE-LIGHTNING(F) (Black),2
Адаптер LANBERG AD-LM-UM-02 MICRO USB 2.0 TYPE-A(F)->TYPE-LIGHTNING(M) (Black),2
"Адаптер LANBERG AD-OTG-UM-01 MICRO USB 2.0 TYPE-C(M)->TYPE-A(F) (15cm, Black)",6
Адаптер LANBERG AD-UC-VG-01 USB TYPE-C->VGA,1
"Адаптер Ugreen 20122 (DVI(24+5)(M) to VGA(F), Black)",8
"Адаптер Ugreen 20415 (DP(M)->VGA(F), Black)",2
"Адаптер Ugreen 30843 (USB Type-C (M) -> HDMI(F), VGA(F), White)",3
Адаптер Ugreen 40259 (DVI-D(M) to VGA(F)),3
"Адаптер Ugreen 90813 (HDMI(M)->VGA(F)+3.5m Audio, Black)",4
Адаптер игровой Genesis NAG-1390 TIN 200 FOR XONE/PS4/PS3/SWITCH CONSOLE,3
"Аккумулятор для ИБП Armac 12V, 7AH",2
"Аккумулятор для ИБП Armac 12V, 9AH",10
"Аккумулятор для ИБП CrownMicro 12V, 12AH",2
"Аккумулятор для ИБП CrownMicro 12V, 18AH",2
"Аккумулятор для ИБП CrownMicro 12V, 5.0AH",4
"Аккумулятор для ИБП CrownMicro 12V, 7.2AH",9
"Аккумулятор для ИБП CrownMicro 12V, 9.2AH",2
"Аккумулятор для ИБП Lightwave 12V, 12AH",2
"Аккумулятор для ИБП Lightwave 12V, 7.5AH",7
"Аккумулятор для ИБП Lightwave 12V, 9AH",3
Аккумулятор для ИБП Mercury 12V-7.5AH,1
Аккумулятор для ИБП Mercury 12V-9AH,2
"Аккумулятор для ИБП Powercom PM-12-7.2 (12V, 7.2AH)",1
"Аккумулятор для ИБП SVEN SV 1272 12V, 7.2AH",4
"Аккумулятор для ИБП Контакт КТ 12-7.2 12V, 7.2AH",2
Амортизатор для игровых кресел Genesis Nitro 330/350/370/550/560/770/880/TRIT 600,1
"Батарейка Verbatim 9V R9 6LR61 (Alkaline, 1pcs Blister)",1
"Батарейка Verbatim CR2025 (Lithium, 4pcs Blister)",2
"Батарейка Verbatim LR03 (Alkaline, 4pcs)",1
"Батарейка Verbatim LR03 AAA (Alkaline, 10pcs Blister)",2
"Батарейка Verbatim LR03 AAA (Alkaline, 4pcs Blister)",1
"Батарейка Verbatim LR03 AAA (Alkaline, 4pcs Shrink)",3
"Батарейка Verbatim LR06 AA (Alkaline, 10pcs Blister)",2
"Батарейка Verbatim LR06 AA (Alkaline, 4pcs Shrink)",2
"Батарейка Verbatim LR6 AA (Alkaline, 4pcs Blister)",3
"Батарейка-аккумулятор Verbatim HR03 AAA (NIMH, 950mah, Blister of 4)",1
"Батарейка-аккумулятор Verbatim HR06 AA (NIMH, 2500mah, Blister of 4)",6
Беспроводное зарядное устройство для смартфонов Noname 8000137 (Black),1
Блок питания 1000W Gigabyte GP-UD1000GM PG5 80+ Gold (ATX),2
Блок питания 1300W Gigabyte GP-UD1300GM PG5 80+ Gold (ATX),1
Блок питания 1300W Seasonic Prime SSR-1300GD 80+ Gold (ATX),1
Блок питания 300W CrownMicro CM-PSSFX305W SMART PLUS (SFX),1
Блок питания 400W Aerocool CYLON 400 80+ (ATX),1
Блок питания 500W CrownMicro CM-PS500W OEM (ATX),2
Блок питания 600W Thermaltake Smart W3 80+ (ATX 3.1),2
Блок питания 600W Xilence Performance XP600R6 (ATX),4
Блок питания 650W Thermaltake Toughpower GF A3 GEN 5 80+ Gold (ATX),1
Блок питания 700W Thermaltake Smart W3 80+ (ATX 3.1),2
Блок питания 700W Thermaltake TR2 S 80+ (ATX),2
Блок питания 750W Aerocool KCAS PLUS GOLD 750W RGB 80+ (ATX),1
Блок питания 750W Gigabyte AORUS GP-AP750GM 80+ Gold (ATX),1
Блок питания 750W Thermaltake Berlin W0750RE 80+ White (ATX3.1),1
Блок питания 750W Thermaltake SMART BX3 80+ Bronze (ATX),2
"Блок питания 850W Cougar Gex Pro 850 80+ Gold (ATX3.1, PCIe 5.1)",1
Блок питания 850W Thermaltake Toughpower GT Snow Gen.5 80+ Gold (ATX3.1),1
"Блок питания 850W Thermaltake Toughpower GX3 System Pack Gold (ATX, Bulk)",1
"Бумага A4, 500, 80g, Xerox Marathon",1
Веб-камера Genius Facecam 1000X V2 (с микрофоном),1
Веб-камера Logitech Brio 4K (с микрофоном),1
"Веб-камера Logitech C920e Full HD (с микрофоном, 960-001360)",3
"Веб-камера Logitech C925e Full HD (с микрофоном, 960-001076)",2
Веб-камера Logitech HD Webcam C270 (с микрофоном),8
Веб-камера Logitech HD Webcam C310 (с микрофоном),1
"Вентилятор для стойки LANBERG AK-1501-B, 120x120x38MM, Black",1
"Видеокарта 12GB Zotac GeForce RTX3060 Gaming Twin Edge (15000MHz, GDDR6, 192bit, HDMI/3xDP)",3
"Видеокарта 12GB Zotac GeForce RTX5070 SOLID OC (28000MHz, GDDR7, 192bit, HDMI/3xDP)",2
"Видеокарта 12GB Zotac GeForce RTX5070 Twin Edge (28000MHz, GDDR7, 192bit, HDMI/3xDP)",1
"Видеокарта 16GB Zotac GeForce RTX5070 Ti SOLID SFF (28000MHz, GDDR7, 192bit, HDMI/3xDP)",1
"Видеокарта 1GB Arktek GeForce G210 AKN210D3S1GL1 (460MHz, DDR3, 64bit, VGA/DVI-I/HDMI)",10
"Видеокарта 2GB Arktek AMD R5 230 AKR230D3S2GL1 (1066MHz, GDDR3, 64bit, VGA/DVI/HDMI)",3
"Видеокарта 2GB Arktek GeForce GT610 AKN610D3S2GL1 (810MHz, DDR3, 64bit, VGA/DVI-I/HDMI)",24
"Видеокарта 2GB Arktek GeForce GT740 AKN740D3S2GL1 (5000MHz, GDDR3, 128bit, VGA/DVI/HDMI)",9
"Видеокарта 2GB Arktek GeForce GTX750 AKN750D5S2GH1 (5400MHz, DDR5, 128bit, VGA/DVI/HDMI)",4
"Видеокарта 4GB Arktek AMD RX550 AKR550D5S4GH1 (6000MHz, GDDR5, 128bit, VGA/DVI/HDMI)",1
"Видеокарта 4GB Arktek GeForce GT1030 AKN1030D4S4GL1 (6008MHz, GDDR4, 64bit, VGA/DVI/HDMI)",3
"Видеокарта 4GB Arktek GeForce GT740 AKN740D5S4GH1 (5000MHz, GDDR5, 128bit, VGA/DVI/HDMI)",5
"Видеокарта 8GB Arktek AMD RX580 AKR580D5S8GH1 (GDDR5, 256bit, DVI/HDMI/DP)",8
"Видеокарта 8GB Zotac GeForce RTX3050 ECO (14000MHz, GDDR6, 128bit, HDMI/3xDP)",5
"Видеокарта 8GB Zotac GeForce RTX3050 ECO SOLO (14000MHz, GDDR6, 128bit, HDMI/3xDP)",1
"Видеокарта 8GB Zotac GeForce RTX5060 Ti Twin Edge (28000MHz, GDDR7, 128bit, HDMI/3xDP)",1
Воздуходувка Lightwave LW-EB01 600W Electric blower,2
"Графический планшет WACOM Intuos S CTL-6100WLE-N Bluetooth (264 x 200 x 8.8 mm, Green)",2
"Графический планшет WACOM One CTL-472-N (210 x 146 x 8.7 mm, Black, USB)",3
"Графический планшет WACOM One CTL-472-S (210 x 146 x 8.7 mm, Black, USB)",2
"Графический планшет WACOM One CTL-672-N (277 x 189 x 8.7 mm, Black, USB)",3
"Держатель автомобильный для смартфона CrownMicro CMDC-IP5-032 (2xUSB, 2.1A, Black)",2
Держатель автомобильный для смартфона UGO USM-1082 (Black),5
"Держатель для селфи CrownMicro CMSS-001 (Bluetooth, Black)",2
Держатель для селфи NATEC SF-20W WIRED BLACK,2
"Джойстик Genesis NJG-0773 P58 (For PS3/PC, Wired, USB)",1
"Джойстик Genesis NJG-1425 MANGAN 200 (For PC, Wired, USB)",1
"Джойстик беспроводной Genesis NJG-0692 Mangan PV58 (For PS3/PC, Wireless, USB)",1
"Джойстик беспроводной Genesis NJG-0739 PV65 (For PS3/PC, Wireless, USB)",2
"Джойстик беспроводной Genesis NJG-2100 Mangan 400 (For PC/Console, Wireless, USB, Black)",1
"Джойстик беспроводной Genesis NJG-2102 Mangan 400 (For PC/Console, Wireless, USB, Red)",1
"Джойстик беспроводной Logitech Gamepad F710 (PC, USB, Silver)",1
"Джойстик беспроводной SVEN GC-2040 (For PS3/PC/Android, Wireless, USB)",1
"Джойстик руль Genesis NGK-1566 SEABORG 350 (For PC/PS3, Wired, USB)",1
"Джойстик руль Genesis NGK-1567 SEABORG 400 (For PC/PS3, USB)",1
"Джойстик руль SVEN GC-W300 (For PC, Wired, USB)",1
"Дисковод внешний DVD-RW LG GP57EB40 (USB, 24x/8x, Black)",2
"Дисковод внешний DVD-RW LG GP57ES40 (USB, 24x/24x, Silver)",10
"Дисковод внешний DVD-RW LG GP60NB60 (USB, 24x/24x, Black)",1
Док-станция HDD Natec Kangaroo Dual SATA USB 3.0,1
"Док-станция HDD Ugreen 50857 (2xSATA, USB 3.0)",2
Док-станция Lightwave LW-DOCK-51A (USB-C to 3xUSB-A 3.0; 1xHDMI 4K@30Hz; 1xUSB-C PD3.0 100W),2
"Док-станция Natec FOWLER SLIM (2xUSB 3.0, HDMI 4K, USB-C)",1
"Жесткий диск 1TB Seagate Barracuda ST1000LM048 (2.5"", SATAIII, 5400rpm, 128Mb)",1
"Жесткий диск 2TB Seagate Barracuda ST2000LM015 (2.5"", SATAIII, 5400rpm, 128Mb)",2
"Жесткий диск 2TB Seagate Original ST2000DM008 (3.5"", SATAIII, 7200rpm, 256Mb)",9
"Жесткий диск 2TB Toshiba P300 HDWD220UZSVA (3.5"", SATAIII, 5400rpm, 128Mb)",1
"Жесткий диск 4TB SATAIII SEAGATE SkyHawk ST4000VX016 (3.5"", SATAIII, 5400rpm, 256MB)",1
"Жесткий диск 4TB SATAIII SEAGATE ST4000DM004 (3.5"", SATAIII, 5400rpm, 256MB)",2
"Жесткий диск 4TB SATAIII WD WD43PURZ, 5400rpm, 256Mb",2
"Жесткий диск 8TB SATAIII SEAGATE ST8000VN004 NAS IRONWOLF (3.5"", 7200rpm, 256Mb)",3
"Жесткий диск внешний 12TB Seagate Expansion STKP12000400 (3.5"", USB 3.1, Black)",3
"Жесткий диск внешний 16TB Seagate One Touch Hub STLC16000400 (3.5"", USB 3.0, Black)",2
"Жесткий диск внешний 16TB WD My Book WDBBGB0160HBK (3.5"", USB 3.0, Black)",1
"Жесткий диск внешний 1TB Seagate Expansion STKM1000400 (2.5"", USB 3.0, Black)",4
"Жесткий диск внешний 2TB Seagate Expansion STKM2000400 (2.5"", USB 3.0, Black)",2
"Жесткий диск внешний 4TB Seagate Expansion STKM4000400 (2.5"", USB 3.0, Black)",4
"Жесткий диск внешний 4TB Seagate Expansion STKP4000400 (3.5"", USB 3.0, Black)",2
"Жесткий диск внешний 5TB WD Elements Portable (2.5"", USB 3.0)",1
"Жесткий диск Внешний корпус для HDD AgeStar 3UB2P2 (SATA-3, 2.5"", Black, USB 3.0)",1
"Жесткий диск Внешний корпус для HDD AgeStar SUBCP1 (SATA-3, 2.5"", Black, USB 2.0)",2
"Жесткий диск Внешний корпус для HDD Ugreen 70609 (SATA-3, 2.5"", Black, USB 3.0)",2
"Жесткий диск внешний корпус для SSD Patriot VXD PV860UPRGM (M.2 NVMe, PCIe3.0, Alluminium, RGB, Silver, USB-C)",1
"Зарядное устройство CrownMicro CMWC-3001 (1xMicro USB, 1xUSB, 1.2A, 100-240V, Black)",3
"Зарядное устройство CrownMicro CMWC-3002 (2xUSB, 1-2.4A, 100-240V, White)",1
"Зарядное устройство для ноутбука CrownMicro CMLC-5006 (Universal, 65W, USB QC 3.0)",1
"Зарядное устройство для ноутбука Natec GRAYLING (Universal, 90w, USB-C)",1
"Звуковая карта Ugreen 30143 (2x3.5mm, USB 2.0, 15cm, White)",2
"Звуковая карта Ugreen 80864 (1x3.5mm, USB 2.0)",3
ИБП UPS 1050VA Lightwave LW UPS 1050,2
ИБП UPS 1200VA CrownMicro CMU-SP1200 COMBO,2
ИБП UPS 1200VA CrownMicro CMU-SP1200IEC USB,1
ИБП UPS 1500VA CrownMicro CMU-SP1500IEC USB,1
ИБП UPS 600VAPowercom King Pro RM KIN-600AP,1
ИБП UPS 650VA APC BV650I-GR EASY UPS AVR,3
ИБП UPS 650VA CrownMicro CMU-SP650 COMBO USB,2
ИБП UPS 650VA CrownMicro CMU-SP650EURO,1
ИБП UPS 650VA CrownMicro CMU-SP650EURO USB,2
ИБП UPS 750VA Lightwave LW UPS 750,1
ИБП UPS 800VA CrownMicro CMU-SP800COMBO,1
ИБП UPS 800VA CrownMicro CMU-SP800EURO USB,1
ИБП UPS 800VA CrownMicro CMU-SP800IEC LCD USB,7
ИБП UPS 850VA CrownMicro CMUS-275 EURO SMART,1
ИБП UPS 850VA Lightwave LW UPS 850,2
Инструмент GEMBIRD T-WC-04,1
Инструмент Insertion Tool LANBERG NT-0001 FOR LSA CONNECTION,2
Инструмент Stripping Tool LANBERG NT-0101 UNIVERSAL STRIPPING TOOL FOR UTP STP TELEFON AND DATA CABLE,2
"Инструмент набор отверток Ugreen 80459 (38-in-1, Aluminum Alloy Handle, Magnetic Extension Bar, Screw Bits Dimension)",5
"Источник питания Buro BP20A (20000mAh, 10W, 2A, 1xUSB-A/1xUSB-C/1xMicro USB, Black)",2
"Источник питания Buro T4-10000 (10000mAh, 10W, 2A, 2xUSB-A, Black)",2
"Источник питания CrownMicro CMPB-6200 (2600mAh, 1A, Blue&Yellow)",7
"Источник питания CrownMicro CMPB-6200 (2600mAh, 1A, Red&Yellow)",2
"Источник питания Hiper EP 10000 (10000mAh, 22.5W, 5A, 2xUSB-A/1xUSB-C, Black)",1
"Источник питания Hiper SM20000 (20000mAh, 12W, 2.4A, 2xUSB-A/1xUSB-C, Black)",2
Источник питания Lightwave LW-PB-20K-B01 (20000mAh),1
"Источник питания Noname 8000135 (5500mAh, Hand Warmer)",1
"Источник питания Noname 8000142 (5500mAh, Hand Warmer)",1
"Кабель CrownMicro CMPS-01 Power Cord Adapter (IEC to EURO, 16A, 15cm, black)",4
Кабель D-Link DKVM-CU5/B1A (5m),2
"Кабель Genesis NKA-1993 HDMI-HDMI V2.1 8K (PS5/PS4, 3.0M)",1
Кабель LANBERG CA-C13C-11CC-0018-BK POWER CORD CEE 7/7->IEC 320 C13 1.8M VDE BLACK,8
Кабель LANBERG CA-C13C-11CC-0030-BK POWER CORD CEE 7/7 / IEC 320 C13 3M VDE BLACK,5
Кабель LANBERG CA-C13C-11CC-0050-BK POWER CORD CEE 7/7 / IEC 320 C13 5M VDE BLACK,4
Кабель LANBERG CA-C13C-11CC-0100-BK POWER SUPPLY CEE 7/7->IEC 320 C13 10M VDE BLACK,4
Кабель LANBERG CA-C13C-12CC-0018-BK POWER CORD CEE 7/7->IEC 320 C13 1.8M ANGLED RIGHT VDE BLACK,5
Кабель LANBERG CA-C5CA-15CC-0018-BK POWER CORD LAPTOP (MIKI) IEC 320 C5 1.8M VDE BLACK,5
Кабель LANBERG CA-C7CA-10CC-0018-BK POWER SUPPLY EURO (RADIO) CEE 7/16->IEC 320 C7 1.8M BLACK,3
Кабель LANBERG CA-CMHD-10CU-0030-BK USB-C(M)->HDMI(M) CABLE 3M 4K 60HZ BLACK,1
Кабель LANBERG CA-DPDP-10CC-0030-BK DISPLAYPORT M/M 3M 4K BLACK,1
Кабель LANBERG CA-DPDP-20CU-0018-BK DISPLAYPORT M/M 1.8M 8K 60HZ BLACK,2
Кабель LANBERG CA-DPHD-11CC-0030-BK DISPLAYPORT(M)->HDMI 3M BLACK,1
Кабель LANBERG CA-DVID-10CC-0018-BK DVI-D(M)(24+1)->DVI-D(M)(24+1) DUAL LINK 1.8M BLACK,6
Кабель LANBERG CA-DVID-10CC-0030-BK DVI-D(M)(24+1)->DVI-D(M)(24+1) DUAL LINK 3M BLACK,20
"Кабель LANBERG CA-HDDV-10CC-0005-BK HDMI(M)-DVI-D(M) (18+1) 0.5M, SINGLE LINK, BLACK",8
"Кабель LANBERG CA-HDDV-20CU-0018-BK HDMI(M)-DVI-D(M) (24+1) 1.8M, DUAL LINK, 4K, Gold Plated, BLACK",7
Кабель LANBERG CA-HDMI-10CC-0150-BK HDMI-HDMI V1.4 HIGH SPEED ETHERNET 15M,1
Кабель LANBERG CA-HDMI-10CC-0200-BK HDMI-HDMI V1.4 HIGH SPEED ETHERNET 20M,3
Кабель LANBERG CA-HDMI-11CC-0005-BK HDMI-HDMI V1.4 HIGH SPEED ETHERNET 50CM,4
Кабель LANBERG CA-HDMI-11CC-0018-BK HDMI-HDMI V1.4 HIGH SPEED ETHERNET 1.8M,12
Кабель LANBERG CA-HDMI-11CC-0030-BK HDMI-HDMI V1.4 HIGH SPEED ETHERNET 3.0M,1
Кабель LANBERG CA-HDMI-11CC-0050-BK HDMI-HDMI V1.4 HIGH SPEED ETHERNET 5M,1
Кабель LANBERG CA-HDMI-13CC-0030-BK HDMI-HDMI V1.4 HIGH SPEED ETHERNET 3.0M BLAСK,2
Кабель LANBERG CA-HDMI-20CU-0018-BK HDMI-HDMI V2.0 HIGH SPEED ETHERNET 1.8M,1
"Кабель LANBERG CA-HDMI-20CU-0018-BL HDMI-HDMI V2.0 HIGH SPEED ETHERNET 1.8M, CU, Premium, Black",4
"Кабель LANBERG CA-HDMI-20CU-0075-BK HDMI-HDMI V2.0 HIGH SPEED ETHERNET 7.5M, 4K",1
"Кабель LANBERG CA-HDMI-21CU-0018-BK HDMI-HDMI V2.0 HIGH SPEED ETHERNET 1.8M, Flat, Black",13
"Кабель LANBERG CA-HDMI-21CU-0050-BK HDMI-HDMI V2.0 HIGH SPEED ETHERNET 5M, Flat, Black",1
"Кабель LANBERG CA-HDMI-22CU-0018-BK HDMI-HDMI V2.0 HIGH SPEED ETHERNET 1.8M, 4K SLIM BLACK",3
Кабель LANBERG CA-HDMI-30CU-0005-BK HDMI-HDMI V2.1 8K 60Hz BLACK 0.5M,2
Кабель LANBERG CA-HDMI-30CU-0018-BK HDMI-HDMI V2.1 8K 60Hz BLACK 1.8M,6
Кабель LANBERG CA-MJFJ-10CC-0050-BK STEREO MINIJACK(M)->MINIJACK(F) 5M,5
"Кабель LANBERG CA-MJMJ-10CC-0012-BK MINIJACK 3.5MM M/M 3 PIN BLACK, 1.2M",5
Кабель LANBERG CA-MJRC-10CC-0015-BK MINIJACK 3.5MM(M) 3 PIN->2X RCA (CHINCH)(M) 1.5M,5
Кабель LANBERG CA-MJRC-10CC-0050-BK MINIJACK 3.5MM(M) 3 PIN->2X RCA (CHINCH)(M) 5M,6
Кабель LANBERG CA-SASA-10CU-0050-R SATA III (6GB/S) 50CM,9
Кабель LANBERG CA-SASA-12CU-0050-R SATA III (6GB/S) 50CM,5
Кабель LANBERG CA-SASA-14CU-0050-R SATA III (6GB/S) 50CM METAL CLIPS,1
Кабель LANBERG CA-US3M-10CC-0030-B USB 3.0 A-PLUG MICRO 5PM BLUE 3.0M,4
Кабель LANBERG CA-USBA-11CC-0018-BK USB 2.0 AM-BM FERRITE BLACK 1.8M,17
Кабель LANBERG CA-USBA-11CC-0050-BK USB 2.0 AM-BM FERRYT BLACK 5M,13
Кабель LANBERG CA-USBA-12CC-0018-TR USB 2.0 AM-BM FERRITE BLACK 1.8M,29
Кабель LANBERG CA-USBA-12CC-0050-TR USB 2.0 AM-BM FERRITE BLACK 5M,7
Кабель LANBERG CA-USBM-10CC-0010-W USB 2.0 MICRO AM-MBM5P WHITE 1M,11
Кабель LANBERG CA-USBM-10CC-0018-BK USB 2.0 MICRO AM-MBM5P BLACK 1.8M,3
Кабель LANBERG CA-USBM-10CC-0018-W USB 2.0 MICRO AM-MBM5P WHITE 1.8M,17
Кабель LANBERG CA-VGAC-10CC-0050-B VGA HD15M/HD15M DUAL-SHIELDED 2*FERRITE BLACK 5M,2
Кабель LANBERG CA-VGAC-10CC-0100-B VGA HD15M/HD15M DUAL-SHIELDED 2*FERRITE BLACK 10M,4
"Кабель LANBERG LCF5-10CC-0305-S FTP SOLID GRAY CABLE, CCA, Cat.5, 100MHz",78
"Кабель LANBERG LCU5-10CC-0305-S UTP SOLID GRAY CABLE, CCA, CAT. 5E 305M",2
"Кабель LANBERG LCU5-10CU-0305-S UTP SOLID GRAY CABLE, CU, CAT. 5E",60
"Кабель LANBERG LCU6-10CU-0305-S UTP SOLID GRAY CABLE, CU, CAT. 6",170
Кабель LANBERG OEM-0011 HDMI-HDMI V1.4 HIGH SPEED ETHERNET 4.5M BLAСK,14
Кабель LANBERG PCU5-10CC-0025-BK UTP PATCHCORD CAT5E 0.25M BLACK,17
Кабель LANBERG PCU5-10CC-0100-BK UTP PATCHCORD CAT5E 1.0M BLACK,3
Кабель LANBERG PCU5-10CC-0100-Y UTP PATCHCORD CAT.5E 1.0M YELLOW,4
Кабель LANBERG PCU5-10CC-0200-BK UTP PATCHCORD CAT5E 2.0M BLACK,9
Кабель LANBERG PCU5-10CC-0300-G UTP PATCHCORD CAT.5E 3.0M GREEN,9
Кабель LANBERG PCU5-10CC-0300-S UTP PATCHCORD CAT5E 3.0M SILVER,5
Кабель LANBERG PCU5-10CC-1000-G UTP PATCHCORD CAT5E 10M GREEN,6
Кабель LANBERG PCU5-10CC-2000-BK UTP PATCHCORD CAT5E 20M BLACK,1
Кабель LANBERG PCU5-20CC-0050-BK UTP PATCHCORD CAT5E 0.5M BLACK,6
Кабель LANBERG PCU6-10CC-0050-BK UTP PATCHCORD CAT.6 0.5M Black,9
Кабель Lightwave LW CAT6 UTP 305m,4
"Кабель Natec Prati NKA-1202 3-in-1 (Micro USB(M)+Lightning(M)+USB-C(M), 1m)",5
"Кабель Ugreen 10129 HDMI-HDMI V1.4 (4K60Hz, 2m, Black/Yellow)",9
"Кабель Ugreen 10306 (USB-C(M) to USB-C(M), 2m, Black)",2
"Кабель Ugreen 10309 (USB 2.0(M) to USB 2.0(M), 1m, Black)",6
"Кабель Ugreen 10355 (USB 2.0 A(M) to Mini USB(M), 1m, Black)",8
"Кабель Ugreen 10840 (USB 3.0 A(M) to Micro USB 3.0(F), 0.5m, 5GB/s, Black)",5
"Кабель Ugreen 15384 DP-DP V2.0 (16K@30Hz, 8K@240Hz, 2m, Black)",10
Кабель Ugreen 20816 3.5mm Male to 2 Female Audio Cable 20cm,2
"Кабель Ugreen 20856 (USB-C(M) to USB 3.0(M), 1m, Space Grey)",1
"Кабель Ugreen 50363 (3.5mm(M) to 3.5mm(M), 2m, Black)",3
"Кабель Ugreen 50997 (USB-C(M) to USB-C(M), 1m, 60W, Black)",2
"Кабель Ugreen 60136 (USB-A(M) to Micro USB(M), 1m, 18W, Black)",9
"Кабель Ugreen 60137 (USB-A(M) to Micro USB(M), 1.5m, 18W, Black)",10
"Кабель Ugreen 60138 (USB-A(M) to Micro USB(M), 2m, 18W, Black)",3
"Кабель Ugreen 60146 (USB-A(M) to Micro USB(M), 1m, Aluminium, 18W, Black)",5
"Кабель Ugreen 80390 DP-DP V1.4 (FHD240Hz, 2K165Hz, 4K144Hz, 8K60Hz, 1m, Black)",2
"Кабель Ugreen 80392 DP-DP V1.4 (FHD240Hz, 2K165Hz, 4K144Hz, 8K60Hz, 2m, Black)",1
"Кабель Ugreen 80394 DP-DP V1.4 (FHD240Hz, 2K165Hz, 4K144Hz, 8K60Hz, 5m, Black)",5
"Кабель питания Gembird PC-184/2-1.8m (Radio, Schuko, 1.8m, Black)",6
"Кабель питания Gembird PC-184/2-1m (Radio, Schuko, 1m, Black)",25
"Кабель питания для ноутбука (Power Cord for Laptop, Schuko-C5, 1.8m, Black)",40
Кабельный органайзер Ugreen 50320 (Black),6
Карта памяти Micro SD Card PATRIOT 128GB PSF128GMDC10 LX Series UHS-I (Class 10),5
Карта памяти Micro SD Card PATRIOT 256GB PEF256GEP31MCX EP SDXC V30 (Class 10),4
Карта памяти Micro SD Card PATRIOT 256GB PSF256GLX11MCX (Class 10),1
Карта памяти Micro SD Card PATRIOT 32GB PSF32GMDC10 LX Series UHS-I (Class 10),3
Карта памяти Micro SD Card PATRIOT 512GB PEF512GEP31MCX EP SDXC V30 (Class 10),14
Карта памяти Micro SD Card PATRIOT 64GB PEF64GEP31MCX EP SDXC V30 (Class 10),4
Карта памяти Micro SD Card PATRIOT 64GB PSF64GMDC10 LX Series UHS-I (Class 10),16
Карта памяти Micro SD Samsung EVO Plus 64GB MB-MC64KA/EU (Class 10),1
"Карта памяти Micro SD Samsung EVO Plus 64GB MB-MC64SA/EU (w/Adapter, Class 10)",1
"Карта памяти SD Card Kingston 256GB Canvas Select Plus (SDXC, UHS-I, Class 10)",1
"Карта памяти SD Card Kingston 512GB Canvas Select Plus (SDXC, UHS-I, Class 10)",1
Карта памяти SD Card PATRIOT 16GB PIF16GSHC10 INSTA UHS-I (Class 10),1
"Карт-ридер Acorp CRIP200-B (USB 2.0, Internal, Black)",3
"Карт-ридер Rocketek ID Card Reader (USB 2.0, Black)",2
"Карт-ридер Ugreen 30333 (USB 3.0, TF/SD/MS/CF 3.0, 50cm, Black)",8
"Карт-ридер Ugreen 35622 (USB-C, TF/SD/MS, Black)",5
"Карт-ридер Ugreen 45167 (2xUSB 3.0, TF/SD/MS, Black)",2
"Карт-ридер Ugreen 50541 (USB 3.0, TF/SD/MS/CF)",5
"Карт-ридер Ugreen 60722 (USB 3.0, TF/SD)",7
"Карт-ридер Ugreen 80798 (USB-C, TF/SD/USB 2.0, Black)",1
"Картридж HP 305XL 3YM63AE (Color, 200pages, 5ml, For DeskJet 2320/2710/2720)",1
"Клавиатура A4 Bloody Q100 (Multimedia, Gaming, Black, USB)",2
"Клавиатура A4Tech Bloody B120N (Multimedia, Gaming, Black, USB)",2
"Клавиатура A4Tech Bloody B150N (Gaming, Backlight, Black, USB)",2
"Клавиатура A4Tech Bloody B314 (Multimedia, Gaming, Black, USB)",2
"Клавиатура CrownMicro CMGK-902, Gaming (USB)",1
Клавиатура CrownMicro CMK-157T (USB),7
Клавиатура CrownMicro CMK-F02B (USB),5
"Клавиатура Fury NFU-1697 SkyRaider, Backlight, Gaming (USB, US Layout)",1
"Клавиатура Genesis NKG-0939 RHOD 110, Backlight, Gaming (USB, US LAYOUT)",1
"Клавиатура Genesis NKG-1419 LITH 400 RGB X-SCISSOR SLIM, Backlight, Gaming (USB)",1
"Клавиатура Genesis NKG-1528 RHOD 300 RGB, Backlight, Gaming (USB, US LAYOUT)",1
"Клавиатура Genesis NKG-1727 RHOD 350 RGB, Backlight, Gaming (USB, US Layout)",1
"Клавиатура Genesis NKG-1877 THOR 303 RGB, Backlight, Mechanical, Gaming (USB, US Layout)",2
"Клавиатура Genesis NKG-2071 THOR 404 TKL RGB, Backlight, Mechanical, Gaming (USB, US Layout)",1
"Клавиатура Genesis NKG-2081 THOR 230 TKL RGB, Backlight, Mechanical, Gaming (USB, US Layout)",2
"Клавиатура Logitech G413 TKL SE, Gaming, Mechanical (USB, Black)",3
"Клавиатура Logitech K120, (USB, Black)",21
"Клавиатура MSI VIGOR GK20 (Gaming, Black, USB)",1
"Клавиатура Oklick 305M (White, Multimedia, USB)",1
"Клавиатура Oklick 505M (White, Slim, USB)",2
"Клавиатура Razer Ornata V3 X (Gaming, Black, USB)",1
"Клавиатура SVEN KB-G8800 (Gaming, RGB)",1
"Клавиатура SVEN KB-G9300 (Gaming, RGB, 20xFn keys)",2
"Клавиатура SVEN KB-G9400 (Gaming, RGB)",1
"Клавиатура SVEN KB-G9500 Gaming (Mechanical, Blue switches, USB, Black)",1
"Клавиатура SVEN KB-G9700 Gaming (Mechanical, Red switches, USB, Black)",1
"Клавиатура SVEN KB-S300 (USB, White)",3
"Клавиатура SVEN Standard 301 (USB, Black)",8
"Клавиатура беспроводная A4Tech Fstyler FBK11 Slim (2.4GHz/Bluetooth, White, USB)",2
"Клавиатура беспроводная A4Tech Fstyler FBK25 Slim (2.4GHz/Bluetooth, Multimedia, Black, USB)",2
"Клавиатура беспроводная Genesis NKG-1844 THOR 660 RGB, Backlight, Mechanical, Gaming (USB, US Layout)",2
"Клавиатура беспроводная Logitech K380 Multi-Device (Bluetooth, US/RU Layout, Dark Grey)",1
"Клавиатура беспроводная Logitech K380S (Bluetooth, Tonal Graphite)",1
"Клавиатура беспроводная Logitech K580 Multi-Device (2.4GHz/Bluetooth, USB, Graphite, US/Arabic Layout)",2
"Клавиатура беспроводная Logitech K780 Multi-Device (2.4GHz/Bluetooth, USB, Dark Grey/Speckled White, US/RU Layout)",2
Клавиатура беспроводная Oklick 880S (USB),1
"Клавиатура беспроводная Oklick K225W (White, Multimedia, USB)",1
Клавиатура беспроводная SVEN KB-C2300W (Black),2
"Клавиатура+Мышь Genius SlimStar C126 (Black, USB)",1
"Клавиатура+Мышь Genius Smart KM-160 (Black, USB)",3
"Клавиатура+Мышь Genius Smart KM-200 (Black, USB)",1
"Клавиатура+Мышь SVEN GS-9100 Gaming (12xFn keys, 1600DPI, RGB, Black, USB)",1
"Клавиатура+Мышь Ugreen 90561 (Black, USB)",5
"Клавиатура+мышь беспроводные A4Tech Fstyler FG1010 (Multimedia, White, USB)",2
"Клавиатура+Мышь беспроводные Genius Smart KM-8101 (USB, black)",9
Клавиатура+Мышь беспроводные Logitech MK235 (USB),1
"Клавиатура+Мышь беспроводные Logitech MK270 (US Layout, USB)",5
Клавиатура+Мышь беспроводные Logitech MK270 (USB),2
"Клавиатура+Мышь беспроводные Logitech MK370 (US-Layout, Bluetooth, Graphite, USB)",1
"Клавиатура+Мышь беспроводные Logitech MK650 Signature (US-Layout, Bluetooth, Graphite, USB)",1
"Клавиатура+Мышь+Наушники+Коврик Fury NFU-1676 (Thunderstreak 2.0, RGB, Black, USB)",3
"Коврик для мыши CrownMicro CMGMP-01 (350x250x4, RGB, USB)",7
"Коврик для мыши Fury NFU-1930 CHALLENGER XXL, Gaming (800x400mm, Black)",5
"Коврик для мыши Gembird MP-GAME-M, Gaming (350x250mm)",13
"Коврик для мыши Genesis NPG-0658 CARBON 500 M LOGO, Gaming (300x250mm)",3
"Коврик для мыши Genesis NPG-0659 CARBON 500 L LOGO, Gaming (400x330mm)",1
"Коврик для мыши Genesis NPG-0732 CARBON 500 M FIRE, Gaming (300x250mm)",1
"Коврик для мыши Genesis NPG-1859 CARBON 400 M LOGO, Gaming (350x250mm)",1
Коврик для мыши Genesis NPG-1932 POLON 200 XL (500x400mm),2
"Коврик для мыши Natec NPO-1456 Science Maxi, Gaming (800x400mm)",2
Коврик для мыши Natec NPO-1457 Discoveries Maxi (800x400mm),1
"Коврик для мыши Natec NPO-2085 Colors series (Obsidian Black, 300x250mm)",9
"Коврик для мыши NATEC NPO-2243 World Deep Blue, Gaming (800x400mm)",2
Коврик для мыши Natec NPP-2045 Evapad Black (235x205mm),22
"Коврик для мыши SVEN MP-G01S Soldier (Gaming, 230x200x2mm)",1
Коврик для мыши Ugreen 25245 (Ergonomic with wrist support),5
Колонки CrownMicro 2.0 CMS-601 (6W),5
"Колонки Genesis NCS-1408 HELIUM 610 2.1 Gaming (Bluetooth, 60W)",1
"Колонки Genesis NCS-1772 HELIUM 800BT 2.1 Gaming (Bluetooth, 60W)",1
Колонки Genius SP-HF280 Wood,1
Колонки Genius SP-HF380BT Wood,2
"Колонки Genius SW-2.1 1000 (2.1, Black)",1
"Колонки Genius SW-2.1 2000 (2.1, Black)",1
"Колонки Logitech 2.0 Z150 (Black, USB)",2
"Колонки Logitech 2.0 Z150 (White, USB)",1
"Колонки Logitech Z533 (2.1, Black)",1
"Колонки Logitech Z623 (2.1, THX 200W, Black)",1
"Колонки Oklick 2.1 OK-420 (11W, Black)",1
"Колонки SVEN 312 (2.0, 2x2W, USB, Black)",2
"Колонки SVEN SPS-575 (2.0, 2x3W, USB, Black)",1
Колонки Touchmate SP480P,2
Колонки Touchmate SP750,1
"Коммуникатор 10port 10/100/1000 TP-Link TL-SG1210MPE (8POE+, 1SFP)",1
Коммуникатор 16port 10/100/1000 TP-Link TL-SG116E,2
"Коммуникатор 16port 10/100/1000 TP-Link TL-SG2218 (16G, 2xSFP)",1
Коммуникатор 24port 10/100 TP-Link TL-SF1024D,1
Коммуникатор 24port 10/100/1000 TP-Link TL-SG1024,2
Коммуникатор 24port 10/100/1000 TP-Link TL-SG1024D,1
Коммуникатор 26port 10/100/1000 D-Link DGS-1210-26 M RM,1
Коммуникатор 5port 10/100 TP-Link LS1005,3
"Коммуникатор 5port 10/100/1000 D-Link DGS-1100-06/ME/A1B (1xSFP, 5x10/100/1000)",1
Коммуникатор 8port 10/100 TP-Link TL-LS1008,41
Коммуникатор 8port 10/100 TP-Link TL-SF1008D (Plastic),5
Коммуникатор 8port 10/100/1000 TP-Link TL-SG1008P,2
Коммуникатор 8port 10/100/1000 TP-Link TL-SG2008,1
Коммуникатор 8port 10/100/1000 TP-Link TL-SG2008P,1
Коммуникатор 8port 10/100/1000 TP-Link TL-SG3210,2
Коммуникатор Lightwave LW-HUB-A104-4 (USB Type-A to 4xUSB 2.0 Type-A),4
Коммуникатор Lightwave LW-HUB-C304-4 (USB Type-C to 1xUSB 3.0/2xUSB 2.0 Type-A/1xType-C Ports),4
"Коммуникатор USB-HUB Natec Mantis 2 (4port, USB 3.0, AC adapter)",3
"Коммуникатор USB-HUB Natec MAYFLY (4port, USB-C 3.0, USB-A adapter)",3
"Коммуникатор USB-HUB Natec SILKWORM (4port, USB-C 3.0, Black)",4
"Компьютер CS A4100-4120 (Ryzen 3 4100, 4GB RAM, 120GB SSD, 2GB GT610, 500W)",1
"Компьютер CS I10100-4120 (i3 10105, 4GB RAM, 120GB SSD, 500W)",1
"Компьютер LED Design Advanced R5-162401-3050 (R5, 16GB RAM, 240GB SSD, 1TB HDD, RTX3050)",1
"Компьютер LED Design Basic I5-82561 (I5, 8GB RAM, 256GB SSD, 1TB HDD)",1
"Компьютер LED Design Expert R7-162561-3050 (R7, 16GB RAM, 256GB M.2 SSD, 1TB HDD, RTX3050)",1
"Компьютер LED Design Starter I5-162401 (I5, 16GB RAM, 240GB SSD, 1TB HDD)",1
"Компьютер LED Develop Advanced I5-82401-D (I5, 8GB RAM, 240GB SSD, 1TB HDD, DVD-RW)",1
"Компьютер LED Develop Basic I3-8240 (I3, 8GB RAM, 240GB SSD)",1
"Компьютер LED Develop Expert I5-162561-D (I5, 16GB RAM, 256GB M.2 SSD, 1TB HDD, DVD-RW)",1
"Компьютер LED Develop Starter I3-82401-D (I3, 8GB RAM, 240GB SSD, 1TB HDD, DVD-RW)",1
"Компьютер LED GFirst Advanced R5-162401 (Ryzen 5, 16GB RAM, 480GB SSD, 1TB HDD, Vega)",1
"Компьютер LED GFirst Basic R3-82401 (Ryzen 3, 8GB RAM, 240GB SSD, 1TB HDD)",1
"Компьютер LED GFirst Cyber I7-162561-1650 (I7, 16GB RAM, 256GB M.2 SSD, 1TB HDD, RTX3050)",1
"Компьютер LED GFirst Expert R7-162561-1650 (Ryzen 7, 16GB RAM, 256GB M.2 SSD, 1TB HDD, RTX3050)",1
"Компьютер LED GFirst Genesis R7-165121-3050 (Ryzen 7, 16GB RAM, 512GB M.2 SSD, 1TB HDD, RTX3050)",1
"Компьютер LED GFirst Infinity R7-325122-3050 (Ryzen 7, 32GB RAM, 512GB M.2 SSD, 2TB HDD, RTX3050)",1
"Компьютер LED GFirst Monster I9-6410002-4070 (I9, 64GB RAM, 1TB M.2 SSD, 2TB HDD, RTX5070)",1
"Компьютер LED GFirst Predator I7-325121-4060 (I7, 32GB RAM, 512GB M.2 SSD, 1TB HDD, RTX4060)",1
"Компьютер LED GFirst Starter R5-82401-GTX750 (Ryzen 5, 8GB RAM, 240GB SSD, 1TB HDD, GTX750)",1
"Компьютер LED GFirst Terminator I7-3210002-3060 (I7, 32GB RAM, 1TB M.2 SSD, 1TB HDD, RTX3060)",1
"Компьютер LED GFirst Touareg R5-325121-4070 (Ryzen 5, 32GB RAM, 512GB M.2 SSD, 1TB HDD, RTX5070)",1
"Компьютер LED GFirst Wave I7-162561-1650 (I7, 16GB RAM, 256GB M.2 SSD, 1TB HDD, RTX3050)",1
"Компьютер LED Home Advanced I5-82401-D (I5, 8GB RAM, 240GB SSD, 1TB HDD, DVD-RW)",1
"Компьютер LED Home Basic P-4120-D (Pentium DualCore, 4GB RAM, 120GB SSD, DVD-RW)",1
"Компьютер LED Home Entry C-4120-D (Pentium Gold, 4GB RAM, 120GB SSD, DVD-RW)",1
"Компьютер LED Home Expert I7-82401-D (I7, 8GB RAM, 240GB SSD, 1TB HDD, DVD-RW)",1
"Компьютер LED Home Starter I3-4240-D (I3, 4GB RAM, 240GB SSD, DVD-RW)",1
"Компьютер LED Home Wave I3-108240-D (I3 10th Gen, 8GB RAM, 240GB SSD, DVD-RW)",1
"Компьютер LED Office Advanced I5-8240 (I5, 8GB RAM, 240GB SSD)",1
"Компьютер LED Office Basic C-8120 (Pentium Gold, 8GB RAM, 120GB SSD)",1
"Компьютер LED Office Entry C-4120 (Pentium Gold, 4GB RAM, 120GB SSD)",1
"Компьютер LED Office Expert I5-82401-D (I5, 8GB RAM, 240GB SSD, DVD-RW)",1
"Компьютер LED Office Starter I3-4120 (I3, 4GB RAM, 120GB SSD)",1
"Компьютер LED Office Wave I3-8120 (I3, 8GB RAM, 120GB SSD, DVD-RW)",1
Конференц-камера Logitech MeetUp Video Conference Camera (960-001102),2
Корпус MidiTower Aerocool ATOMIC Lite-G-BK-V2 WINDOWS w/o black (MidiATX),2
Корпус MidiTower Cooler Master Elite V3 (mATX),1
Корпус MidiTower Coolermaster MasterBox TD300 Mesh w/o black (MidiATX),1
Корпус MidiTower Cougar AirFace RGB w/o black (MidiATX),1
Корпус MidiTower Cougar FV150 RGB w/o black (MidiATX),2
Корпус MidiTower Cougar MX360 RGB w/o black (MidiATX),2
"Корпус MidiTower CrownMicro CMC-GS10B black (mATX, w/o)",1
Корпус MidiTower Deepcool WAVE V2 (MicroATX),1
Корпус MidiTower Formula S1302B w/o black (MidiATX),5
Корпус MidiTower Genesis NPC-1517 IRID 505 V2 Window w/o Black (MidiATX),2
Корпус MidiTower Genesis NPC-1518 IRID 505 V2 ARGB Window w/o Black (MidiATX),1
Корпус MidiTower Genesis NPC-1558 IRID 503 V2 Window w/o Black (MiniATX),1
Корпус MidiTower Genesis NPC-1872 IRID 505 V2 ARGB Window w/o White (MidiATX),1
"Корпус MidiTower Hiper BH34-1 w/o black (MidiATX, ATX)",1
Корпус MidiTower Thermal Master C708 Black (600W),2
Корпус MidiTower ThermalTake Versa H330 TG w/o black (MidiATX),1
Корпус MidiTower Zalman ZM-T3 w/o black (MidiATX),2
Корпус MidiTower Zalman ZM-T4 w/o black (MidiATX),1
Корпус MiniTower Cougar Uniface Mini RGB w/o black (MidiATX),3
"Корпус MiniTower CrownMicro CMC-245-103 black (ITX, 300W)",1
"Корпус MiniTower Deepcool Matrexx 30 (MiniATX, mATX)",1
Корпус MiniTower Deepcool Matrexx 30 SI (MiniATX),3
"Корпус Rack SuperMicro CSE-512F-350B1 black (Rack, 1U, 350W)",1
"Кронштейн для мониторов Arm Media LCD-T52 (15""-32"", Black)",2
"Кронштейн для мониторов LogiLink BP0045 (13""-32"", Black)",1
"Кронштейн для проектора Buro PR07-W (White, Up to 12kg)",1
Кронштейн для проектора Holder PR-104-W (White),1
"Кронштейн для телевизора Arm Media LCD-01 (15''-32'', up to 15kg, Black)",1
Кулер Arctic Alpine 17 CO (S-1700),13
Кулер Arctic Alpine 23 CO (S-AM4/AM5),1
"Кулер Cooler Master Hyper 212 ARGB (Universal socket INTEL/AMD, 27Db, RGB)",2
"Кулер Cooler Master Hyper 212 Black Edition (Universal socket INTEL/AMD, 27Db, RGB)",1
"Кулер Crown CM-5 (Universal socket INTEL/AMD, Copper tubes, TDP up to 187w)",5
"Кулер Crown CM-80 v2 (Universal socket INTEL + S1700/AMD, TDP up to 65w)",7
"Кулер Deepcool AG200 (Universal socket INTEL/AMD, R-AG200-BKNNMN-G)",1
"Кулер Deepcool AG500 (Universal socket INTEL/AMD, 240W)",1
"Кулер Deepcool GAMMAXX AS500 PLUS White (Universal socket INTEL/AMD, TDP up to 220w)",1
Кулер Deepcool GAMMAXX GTE V2 (Universal socket INTEL/AMD),1
"Кулер Deepcool Theta 9 (Socket 1700, PWM, 4-pin, 40.1dB, TDP up to 65w)",1
"Кулер ID-Cooling DK-071 RAINBOW (Socket 1700, PWM, 4-pin, 14.2-25.6dB, TDP up to 125w)",3
"Кулер ID-Cooling DK-19 PWM (Socket 1700, PWM, 4-pin, 14-26dB, TDP up to 95w)",1
"Кулер ID-Cooling Frozn A610 Black (Universal socket INTEL/AMD, PWM, TDP up to 250w)",5
"Кулер ID-Cooling Frozn A620 Black (Universal socket INTEL/AMD, PWM, TDP up to 270w)",2
"Кулер ID-Cooling SE-206-XT (Universal socket INTEL/AMD, PWM, TDP up to 250w)",3
"Кулер ID-Cooling SE-207-XT ADVANCED (Universal socket INTEL/AMD, PWM, TDP up to 280w)",1
"Кулер ID-Cooling SE-207-XT ARGB (Universal socket INTEL/AMD, PWM, TDP up to 280w)",1
"Кулер ID-Cooling SE-226-XT BLACK (Universal socket INTEL/AMD, PWM, TDP up to 250w)",3
"Кулер ID-Cooling SE-903-SD V3 (Universal socket INTEL/AMD, TDP up to 130w)",11
"Кулер Thermaltake UX200 (Universal socket INTEL/AMD, TDP up to 130w)",1
"Кулер Thermaltake UX200 SE ARGB (Universal socket INTEL/AMD, TDP up to 170w, White)",2
Кулер TITAN TTC-NC25TZ,1
Кулер TITAN TTC-NK96TZ/NPW,1
"Кулер Xilence XC129 M403 ARGB (Universal socket INTEL/AMD, TDP up to 150w)",1
"Кулер Zalman CNPS10X Optima II Black RGB (Universal socket INTEL/AMD, RBG, PWM, TDP up to 180w)",1
"Кулер Zalman CNPS10X Performa Black (Universal socket INTEL/AMD, PWM, TDP up to 180w)",2
"Кулер Zalman CNPS9X Performa Black (Universal socket INTEL/AMD, PWM, TDP up to 180w, CNPS9X PERFORMA)",1
"Кулер вентилятор для корпуса CrownMicro CMCF-12025S-1210 (120x120x25, 1500rpm, 35CFM, 20Db, RED Backlight)",3
"Кулер вентилятор для корпуса CrownMicro CMCF-12025S-1213 (120x120x25, 1500rpm, 35CFM, 20Db, ORANGE Backlight)",15
"Кулер вентилятор для корпуса CrownMicro CMCF-14025S-1400 (140x140x25, 800-1300rpm, 56CFM, 27Db)",5
"Кулер вентилятор для корпуса CrownMicro CMCF-8025S-800 (80x80x25, 2000rpm, 40CFM, 28Db)",4
"Кулер вентилятор для корпуса Genesis NGF-2043 Oxal 120 3-Pack (120mm, 1300rpm, 46.1CFM, 22.1Db)",1
"Кулер вентилятор для корпуса ID-Cooling AS-120-ARGB-K TRIO 3-Pack (120x120x25mm, 300-2000rpm, 58CFM, 27.2Db)",4
"Кулер вентилятор для корпуса ID-Cooling ZF-14025-ARGB (140x140x25, 17-37Db, LED)",4
"Кулер для ноутбука CrownMicro CMLC-1101 (up to 17"", Blue backlight, 2xCooler)",1
"Кулер для ноутбука CrownMicro CMLS-130 (up to 19"", Red backlight, 1xCooler)",1
"Кулер для ноутбука CrownMicro CMLS-132 (up to 19"", Green backlight, 1xCooler)",1
"Кулер для ноутбука CrownMicro CMLS-133 (up to 19"", Orange backlight, 1xCooler)",1
"Кулер для ноутбука Genesis NHG-1678 OXID 450 RGB (up to 15.6"", LED Light, 1xUSB, 1xCooler)",1
"Кулер для ноутбука Genesis NHG-2075 OXID 260 (up to 17.3"", LED Light, 2xUSB, 4xCooler)",1
"Кулер для ноутбука Natec NPL-2252 Dipper 2 (up to 17.3"", LED Light, 1xUSB, 1xCooler)",2
"Кулер для ноутбука Natec Oriole NPL-1926 (up to 17.3"", LED Light, 2xUSB, 3xCooler)",1
"Кулер система жидкостного охлаждения Arctic Liquid Freezer III Pro 360 Black (Universal socket INTEL, PWM)",9
Кулер система жидкостного охлаждения Cougar Poseidon Elite ARGB 360 Black (INTEL/AMD),2
Кулер система жидкостного охлаждения ID-Cooling DASHFLOW 360 Basic Black (INTEL/AMD),2
"Кулер система жидкостного охлаждения Thermaltake TH360 ARGB Sync  (Universal socket INTEL, PWM)",1
"Кулер система жидкостного охлаждения Thermaltake TH420 ARGB Sync  (Universal socket INTEL, PWM)",1
"Кулер система жидкостного охлаждения Zalman Reserator5 Z24 Black (Universal socket INTEL, AMD, S1700, AM5, PWM, 37Db)",1
"Кулер/Столик для ноутбука CrownMicro CMLS-100 (up to 17"", 2xCooler, adjustable height, Silver)",1
"Кулер/Столик для ноутбука CrownMicro CMLS-115B (up to 17"", 2xCooler, adjustable height)",1
"Кулер/Столик для ноутбука CrownMicro CMLS-116G (up to 17"", 2xCooler, adjustable height)",1
"Мат. плата Arktek G41 AK-G41M EL (S-775, G41, VGA, 2DDR3, PCI-E, COM, SATA3, LAN)",3
"Мат. плата Arktek H81 AK-H81M EL (S-1150, H81, VGA, HDMI, PCI-E, 2DDR3, PCI, SATA3, GbLAN)",2
"Мат. плата ASUS PRIME A520M-K (S-AM4, A520, VGA, HDMI, 3xPCI-E, 2DDR4, SATAIII RAID, PCI, SATA3, GbLAN)",1
"Мат. плата ASUS PRIME B660M-K D4 (S-1700, B660, VGA, HDMI, 3xPCI-E, 2xDDR4, 2xM.2, SATAIII RAID, PCI, SATA3, GbLAN)",2
"Мат. плата ASUS PRIME B760M-K (S-1700, B760, VGA, HDMI, 2xPCI-E, 2xDDR5, 2xM.2, SATAIII RAID, PCI, SATA3, GbLAN)",17
"Мат. плата ASUS PRIME H310M-R (S-1151v2, H310, VGA, HDMI, PCI-E, 2DDR4, PCI, SATA3, GbLAN)",1
"Мат. плата ASUS PRIME H510M-K (S-1200, H510, VGA, HDMI, PCI-E, 2DDR4, PCI, SATA3, GbLAN)",1
"Мат. плата ASUS PRIME H510M-R R2.0-SI (S-1200, H470, VGA, HDMI, PCI-E, 2DDR4, SATA3, GbLAN)",1
"Мат. плата ASUS PRIME H610M-R D4-SI (S-1700, H610, VGA, HDMI, PCI-E, 2DDR4, M.2, PCI, SATA3, GbLAN)",11
"Мат. плата ASUS PRIME X570-P (S-AM4, X570, HDMI, 2xPCI-E, 4DDR4, SATAIII RAID, PCI, SATA3, GbLAN)",1
"Мат. плата ASUS PRIME Z790M-PLUS (S-1700, Z790, HDMI, DP, 4xPCI-E, 4DDR5, 3xM.2, SATA3, GbLAN)",1
"Мат. плата ASUS ROG STRIX Z790-A GAMING WIFI D4 (S-1700, Z790, HDMI, DP, 4xPCI-E, 4DDR4, 4xM.2, SATA3, Wi-Fi 6e, GbLAN)",1
"Мат. плата ASUS TUF GAMING Z790-BTF WIFI (S-1700, Z790, HDMI, DP, 3xPCI-E, 4DDR5, 4xM.2, SATA3, Wi-Fi 7, GbLAN)",1
"Мат. плата Gigabyte B650M DS3H (S-AM5, B650, HDMI/DP, 2xPCI-E, 4DDR5, 2xM.2, GbLAN)",1
"Мат. плата Gigabyte B850M D3HP (S-AM5, B850, HDMI/2xDP, 2xPCI-E, 4DDR5, 2xM.2, GbLAN)",1
"Мат. плата Gigabyte B850M DS3H (S-AM5, B850, HDMI/2xDP, 2xPCI-E, 4DDR5, 2xM.2, GbLAN)",1
"Мат. плата MSI PRO H510M-B (S-1700, H510, VGA, HDMI, PCI-E, 2DDR4, M.2, SATA3, GbLAN)",1
"Мат. плата MSI PRO H610M-E DDR4 (S-1700, H610, VGA, HDMI, 2PCI-E, 2DDR4, SATA3, GbLAN)",2
Микрофон Genesis NGM-1377 Radium 400 Studio USB Arm Popfilter (USB),1
"Микрофон Natec Adder NMI-0776 (3.5mm Jack, Black)",5
Модуль памяти DIMM 16GB DDR4 PATRIOT PSD416G32002 (3200MHz),5
Модуль памяти DIMM 16GB DDR4 PATRIOT VIPER Elite II PVE2416G400C0 (4000MHz),2
"Модуль памяти DIMM 16GB DDR4 PATRIOT VIPER Steel PVS416G300C6K (PC24000, 3000MHz)",1
Модуль памяти DIMM 16GB DDR4 PATRIOT VIPER Steel RGB PVSR416G360C0K (3600MHz),4
Модуль памяти DIMM 16GB DDR5 CRUCIAL CT16G48C40U5 (4800MHz),3
"Модуль памяти DIMM 16GB DDR5 PATRIOT PSD516G480081 (PC21330, 4800MHz)",5
Модуль памяти DIMM 16GB DDR5 PATRIOT PSD516G560081 (5600MHz),8
Модуль памяти DIMM 1GB DDR3 PATRIOT PSD31G133381 (1333MHz),4
"Модуль памяти DIMM 2GB DDR3 PATRIOT PSD32G16002 (PC12800, 1600MHz)",2
"Модуль памяти DIMM 2GB DDRII PATRIOT PSD22G80026 (PC6400, 800MHz)",3
"Модуль памяти DIMM 32GB DDR4 Hynix HMAA4GU6MJR8N-VKN0 (3200MHz, 1.2v)",1
"Модуль памяти DIMM 32GB DDR4 PATRIOT PSD432G26662 (2666MHz, 1.2v)",1
"Модуль памяти DIMM 32GB DDR4 PATRIOT PSD432G32002 (3200MHz, 1.2v)",2
Модуль памяти DIMM 32GB DDR4 PATRIOT VIPER Elite II PVE2432G360C0 (3600MHz),1
Модуль памяти DIMM 32GB DDR4 PATRIOT VIPER Steel PVS432G320C6 (3200MHz),2
Модуль памяти DIMM 32GB DDR4 PATRIOT VIPER Steel PVS432G360C8 (3600MHz),2
"Модуль памяти DIMM 32GB DDR5 Crucial CT2K16G56C46U5 (2x16GB, 5600MHz)",2
Модуль памяти DIMM 32GB DDR5 Crucial CT32G48C40U5 (4800MHz),1
Модуль памяти DIMM 32GB DDR5 Kingston Fury Beast KF560C30BBEK2-32 (6000MHz),1
Модуль памяти DIMM 32GB DDR5 PATRIOT PSD532G48002 (4800MHz),3
Модуль памяти DIMM 32GB DDR5 PATRIOT PSD532G56002 (5600MHz),6
"Модуль памяти DIMM 32GB DDR5 PATRIOT VIPER Xtreme RGB PVXR532G76C36K (2x16GB, 7600MT/s)",1
"Модуль памяти DIMM 4GB DDR3 PATRIOT PSD34G160081 (PC12800, 1600MHz)",2
"Модуль памяти DIMM 4GB DDR4 PATRIOT PSD44G266681 (PC21330, 2666MHz)",7
"Модуль памяти DIMM 4GB DDRII PATRIOT PSD24G800K (2x2GB, 800MHz)",1
"Модуль памяти DIMM 64GB DDR5 Crucial CT2K32G56C46U5 (2x32GB, 5600MHz)",1
"Модуль памяти DIMM 64GB DDR5 Kingston FURY Beast KF556C40BBK2-64 (2x32GB, 5600MHz)",3
"Модуль памяти DIMM 64GB DDR5 Kingston FURY Beast RGB KF560C36BBEAK2-64 (2x32GB, 6000MHz)",1
"Модуль памяти DIMM 64GB DDR5 PATRIOT VIPER Venom PVV564G560C40K (2x32GB, 5600MHz)",1
"Модуль памяти DIMM 8GB DDR3 PATRIOT PSD38G16002 (PC12800, 1600MHz)",10
"Модуль памяти DIMM 8GB DDR4 Kingston KVR32N22S6/8 (3200MHz, 1.2v)",1
Модуль памяти DIMM 8GB DDR4 PATRIOT PSD48G32002 (3200MHz),5
Модуль памяти DIMM 8GB DDR4 PATRIOT PSD48G320081 (3200MHz),3
"Модуль памяти DIMM 8GB DDR4 PATRIOT VIPER PVS48G360C8 (PC25600, 3600MHz)",1
"Модуль памяти DIMM 8GB DDR4 Samsung M378A1K43EB2-CWE (3200MHz, 1.2v)",2
Модуль памяти DIMM 8GB DDR5 PATRIOT PSD58G560041 (5600MHz),1
Модуль памяти DIMM 8GB DDR5 PATRIOT PSD58G560081 (5600MHz),9
"Модуль памяти SERVER RAM DIMM 16GB DDR4 Hynix HMA82GR7CJR4N-XNTG (3200MHz, 1.2v)",2
Модуль памяти SODIMM 16GB DDR4 PATRIOT PSD416G320081S (3200MHz),1
Модуль памяти SODIMM 16GB DDR4 Samsung M471A2K43EB1-CWE (3200MHz),1
Модуль памяти SODIMM 16GB DDR5 PATRIOT PSD516G560081S (5600MHz),1
Модуль памяти SODIMM 1GB DDR2 PATRIOT PSD21G6672S (667MHz),2
"Модуль памяти SODIMM 2GB DDR3 PATRIOT PSD32G160081S (PC12800, 1600MHz)",1
Модуль памяти SODIMM 32GB DDR4 Samsung M471A4G43AB1-CWE (3200MHz),1
Модуль памяти SODIMM 32GB DDR5 Crucial CT32G48C40S5 (4800MHz),1
Модуль памяти SODIMM 32GB DDR5 PATRIOT PSD532G48002S (4800MHz),2
"Модуль памяти SODIMM 4GB DDR3 PATRIOT PSD34G16002S (1600MHz, 1.5V)",3
"Модуль памяти SODIMM 4GB DDR3 PATRIOT PSD34G160081S (PC12800, 1600MHz)",5
"Модуль памяти SODIMM 4GB DDR3 PATRIOT PSD34G1600L2S SL (1600MHz, 1.35V)",1
Модуль памяти SODIMM 4GB DDR4 PATRIOT PSD44G266681S (2666MHz),10
"Модуль памяти SODIMM 8GB DDR3 PATRIOT PSD38G16002S (PC12800, 1600MHz)",5
"Модуль памяти SODIMM 8GB DDR3 PATRIOT PSD38G1600L2S SL (1600MHz, 1.35V)",2
Модуль памяти SODIMM 8GB DDR5 PATRIOT PSD58G480041S (4800MHz),1
Модуль памяти SODIMM 8GB DDR5 PATRIOT PSD58G560041S (5600MHz),11
"Монитор LED 22"" Dell P2219H (22"", 8ms, VGA/HDMI/DP/4xUSB, Black)",1
"Монитор LED 24"" AOC 24B20JH2 (FHD IPS, 100Hz, 1ms, VGA/HDMI)",2
"Монитор LED 24"" Dell P2423 (FHD, IPS, 8ms, 16:10, HDMI/DP/DVI/VGA/USB 3.2 Gen 1 hub, Black/Silver)",1
"Монитор LED 24"" Dell P2425H (Full HD, IPS, 100Hz, 5ms, HDMI/VGA/DP/USB-C)",2
"Монитор LED 24"" LG 24BK450H-B (IPS, 1920x1080, 5000000:1, 5ms, VGA/HDMI)",2
"Монитор LED 24"" LG 24BK550Y-I (IPS, 1920x1080, 5000000:1, 75Hz, 5ms, VGA/DVI/HDMI/DP/USB, HAS Pivot, Speakers)",1
"Монитор LED 24"" LG 24BN550Y-B (IPS, 1920x1080, 5000000:1, 5ms, DVI/HDMI)",1
"Монитор LED 24"" LG 24M38A-B (FHD, 5ms, VGA)",3
"Монитор LED 24"" LG 24MR400 (FHD IPS, 100Hz, 5ms, sRGB 99%, AMD FreeSync, VGA/HDMI)",5
"Монитор LED 24"" Philips 241V8B (IPS, 16:9, 1920x1080, 100Hz, 1300:1, 4ms, VGA/HDMI)",1
"Монитор LED 24"" Samsung LS24C310EAMXUE (IPS, Full HD, 5ms, 75Hz, VGA/HDMI, Black)",1
"Монитор LED 24"" Samsung S24A336NHU (VA, 1920x1080, 5ms, 3000:1, VGA/HDMI, Black)",3
"Монитор LED 27"" AOC 27B2DA (IPS, 4ms, VGA/DVI/HDMI, Black)",1
"Монитор LED 27"" AOC 27B2H/EU (IPS, 8ms, VGA/HDMI, Black)",1
"Монитор LED 27"" AOC Gaming 27G2SAE/BK (VA, 1920x1080, 165Hz, 80000000:1, 1ms, 2xHDMI/DP, Speakers)",2
"Монитор LED 27"" Dell P2720D (2K IPS, 2560x1080, 8ms, HDMI/DP/2xUSB, Silver)",1
"Монитор LED 27"" HP E27 G5 (FHD IPS, 75Hz, 5ms, HDMI/DP/USB, HAS Pivot, Black)",2
"Монитор LED 27"" HP P27h G5 (FHD IPS, 75Hz, 5ms, VGA/HDMI/DP, Black)",1
"Монитор LED 27"" LG 27BN55UP-B (4K IPS, 3840x2160, 1000:1, 5ms, HDR10, 2xHDMI/DP, Pivot)",2
"Монитор LED 27"" LG 27UP850K-W (4K IPS, 3840x2160, 1200:1, 5ms, HDR10, 2xHDMI/DP, USB-C, Speakers, White)",1
"Монитор LED 27"" LG 27US550-W (IPS, 3840x2160, 5000000:1, 5ms, HDR10, 2xHDMI/DP, Black/White)",1
"Монитор LED 27"" Philips 271V8 (IPS, 16:9, 1920x1080, 75Hz, 1300:1, 4ms, VGA/HDMI)",1
"Монитор LED 27"" Philips 271V8B (IPS, 16:9, 1920x1080, 100Hz, 1300:1, 4ms, VGA/HDMI)",4
"Монитор LED 27"" Samsung Odyssey G5 Gaming G55C S27CG554EU (2K VA Curved, 2560x1440, 165Hz, 1000:1, 1ms, FreeSync Premium, HDR10",1
"Монитор LED 29"" LG 29BN650-B (2K IPS, 2560x1080, 5000000:1, 5ms, 2xHDMI, Black)",1
"Монитор LED 29"" LG 29WP500-B (IPS, 2560x1080, 5000000:1, 5ms, 2xHDMI, Black)",1
"Монитор LED 32"" AOC CQ32G4VE (QHD VA, 2560x1440, 3500:1, 0.5ms, HDR10, 2xHDMI/DP, Curved, Black)",2
"Монитор LED 32"" Samsung Odyssey G5 S32CG552EU (QHD VA, 2560x1440, 2500:1, 1ms, HDR10, HDMI/DP, Curved, Black)",1
"Монитор LED 34"" LG 34WL500-B (IPS, 2560x1080, 5000000:1, 5ms, 2xHDMI)",1
"Монитор LED 34"" LG 34WP500-B (2K IPS, 2560x1080, 10000000:1, 5ms, 2xHD, DP)",1
"Моноблок Acer Aspire C24-1300 23.8"" (IPS FHD, Ryzen 5 7520U, 8GB DDR4, 512GB SSD, Radeon 610M Graphics, Black)",1
"Моноблок Gigabyte BRIX GB-BRI3H-10110 (Core i3-10110U, 2xSODIMM DDR4, M.2 NVMe/2.5"" SATA, 2xHDMI, Type-C, GbLAN, WiFi+BT)",1
"Моноблок Gigabyte Brix GB-BRR5-4500 (Ryzen 5-4500U, 2xSODIMM DDR4, M.2 NVMe, mDP/HDMI/2xType-C, GbLAN, WiFi+BT)",1
"Моноблок Intel NUC Wallstreet RNUC12WSKl500002I (Core i5-1240P, 2xSODIMM DDR4, M.2 NVMe, DP/HDMI, GbLAN, WiFi+BT, 7.1 Sound, EU",2
Монтажное кольцо для кулера CM-RING1700 (для кулеров с клипсами на сокет 1700),30
"Мышь A4 OP-720 (800dpi, Black, PS/2)",10
"Мышь CrownMicro CMGM-901, Gaming (8xButtons, 4800dpi, 1000Hz, Backlight, USB)",1
"Мышь CrownMicro CMGM-902, Gaming (6xButtons, 7200dpi, 1000Hz, Backlight, USB)",1
"Мышь CrownMicro CMM-20 (4button, 1600dpi, White, USB)",3
"Мышь CrownMicro CMM-31 (3button, 1000dpi, Black, USB)",3
"Мышь Fury NFU-1198 Brawler Gaming (1600DPI, USB, Optical)",3
"Мышь Fury NFU-1654 Gaming (6400DPI, USB, Optical)",1
"Мышь Fury NFU-1698 Hustler Gaming (6400DPI, RGB, USB, Optical)",2
"Мышь Genesis NMG-1162 XENON 750, Gaming (10200Dpi, RGB, USB)",1
"Мышь Genesis NMG-1321 ZIRCON 330, Gaming (USB)",2
"Мышь Genesis NMG-1629 XENON 800, Gaming (16000Dpi, RGB, USB)",2
"Мышь Genesis NMG-1640 Krypton 510 Gaming (7200DPI, USB, Optical)",2
"Мышь Genesis NMG-1680 KRYPTON 550, Gaming, Black, RGB (8000DPI, USB)",4
"Мышь Genesis NMG-1713 KRYPTON 200, Gaming (6400Dpi, RGB, USB)",1
"Мышь Genesis NMG-1770 KRYPTON 220, Gaming (6400Dpi, RGB, USB)",5
"Мышь Genesis NMG-1839 KRYPTON 555, Gaming, Black, RGB (8000DPI, USB)",5
"Мышь Genesis NMG-1840 KRYPTON 555, Gaming, White, RGB (8000DPI, USB)",1
"Мышь Genesis NMG-2113 Zircon 500 Gaming (10000DPI, USB)",5
"Мышь Genius NetScroll DX-110 (USB, Black)",10
"Мышь Genius NetScroll DX-125 (USB, Black)",1
"Мышь Genius NetScroll DX-180 (USB, Black)",5
"Мышь Logitech G102 LIGHTSYNC (5 Button, 8000dpi, Gaming, USB, Black)",2
"Мышь Logitech G402 Hyperion Fury (7 Button, 4000dpi, Gaming, USB, Black)",1
"Мышь Logitech G402 Hyperion Fury (Gaming, USB, Black)",2
"Мышь Logitech G403 HERO (Gaming, USB, Black)",1
"Мышь Logitech G502 HERO (Gaming, USB, Black)",1
"Мышь Logitech G502 X, Gaming (USB, White)",1
"Мышь Logitech M500s Advanced (Laser, USB, Black)",1
"Мышь Logitech M90 (USB, Black/Dark Gray)",11
"Мышь MSI Clutch GM08, Gaming (4200dpi, Black, USB)",1
"Мышь Oklick 147M (4button, 2000dpi, White, USB)",2
"Мышь Oklick 310M (3button, 2400dpi, White/Grey, USB)",2
"Мышь Oklick 708G MYSTERY (7button, 2000dpi, Black, USB)",2
"Мышь Razer DeathAdder Essential (5button, 6400dpi, Black, USB)",1
"Мышь Razer DeathAdder Essential (Gaming, USB, Black)",2
"Мышь SVEN RX-112 (USB, Black)",5
"Мышь SVEN RX-30 (USB, Black)",5
"Мышь SVEN RX-70 Gaming (1200DPI, RGB, 1.5m, Black)",5
"Мышь SVEN RX-90 (1000 DPI, USB, Black)",10
"Мышь SVEN RX-G730 Gaming (5+1 keys, 3400DPI, RGB)",1
"Мышь SVEN RX-G735 Gaming (5+1 keys, 4000DPI, RGB)",1
"Мышь SVEN RX-G815 Gaming (6+1 keys, 8000DPI, SoftTouch, RGB)",2
"Мышь SVEN RX-G975 Gaming (9+1 keys, 10000DPI, RGB)",1
"Мышь SVEN RX-G990 Gaming (8+1 keys, 12400DPI, RGB)",1
"Мышь беспроводная A4Tech Fstyler FB10C (2000dpi, 4 Button, Pink, USB/Bluetooth)",1
"Мышь беспроводная A4Tech Fstyler FB10C (2000dpi, 4 Button, White/Grey, USB/Bluetooth)",1
"Мышь беспроводная CrownMicro CMM-930W (USB, Black)",7
"Мышь беспроводная Genesis NMG-2192 ZIRCON 660, Gaming (12000DPI, USB, White)",2
"Мышь беспроводная Genius Ergo 8200S (USB, Gray)",5
"Мышь беспроводная Logitech B330 Silent Plus (USB, Black)",5
"Мышь беспроводная Logitech M170 (USB, Gray/Black)",1
"Мышь беспроводная Logitech M171 (USB, Black)",25
"Мышь беспроводная Logitech M185 (USB, Swift Gray)",2
"Мышь беспроводная Logitech M190 (USB, Grey)",1
"Мышь беспроводная Logitech M220 Silent (USB, Dark/Gray)",4
"Мышь беспроводная Logitech M221 Silent (USB, Charcoal)",4
"Мышь беспроводная Logitech M235 (USB, Black/Gray)",7
"Мышь беспроводная Logitech M510 (USB, Black)",3
"Мышь беспроводная Logitech M535 (Bluetooth, Grey)",2
"Мышь беспроводная Logitech M705 Marathon (USB, Grey/Black)",2
"Мышь беспроводная Logitech MX Anywhere 3S (USB, Graphite)",1
"Мышь беспроводная Logitech MX Anywhere 3S for Business (USB, Black)",1
"Мышь беспроводная Logitech Signature M650 (USB, Graphite)",3
Мышь беспроводная Philips SPK7307B/00,11
"Мышь беспроводная SVEN RX-210W (3+1 keys, 1400DPI, Black)",2
Наконечники Wacom AC60,1
"Накопитель SSD 120GB PATRIOT PBE120GS25SSDR (2.5"", SATA3, TLC 3D, 450/320Mbps)",14
"Накопитель SSD 128GB PATRIOT P220S128G25 P220 (2.5"", SATA3, TLC 3D, 550/480Mbps)",10
"Накопитель SSD 240GB CRUCIAL CT240BX500SSD1 (2.5"", SATA3, TLC 3D, 540/500Mbps)",8
Накопитель SSD 240GB Kingston SA400S37/240G,8
"Накопитель SSD 240GB PATRIOT PBE240GS25SSDR (2.5"", SATA3, TLC 3D, 450/320Mbps)",12
"Накопитель SSD 256GB PATRIOT P220S256G25 P220 (2.5"", SATA3, TLC 3D, 550/490Mbps)",9
"Накопитель SSD 2TB PATRIOT P210S2TB25 P210 (2.5"", SATA3, TLC 3D, 520/430Mbps)",4
Накопитель SSD 480GB Kingston SA400S37/480G,2
"Накопитель SSD 4TB SAMSUNG 870 QVO MZ-77Q4T0BW (2.5"", SATA3, QLC 3D, 560/530Mbps)",2
"Накопитель SSD 500GB SAMSUNG EVO 870 MZ-77E500B/EU (2.5"", SATA3, TLC 3D, 560/530Mbps)",10
"Накопитель SSD 512GB PATRIOT P220S512G25 P220 (2.5"", SATA3, TLC 3D, 550/500Mbps)",4
"Накопитель SSD M.2 1000GB Patriot P400LP1KGM28H P400 Lite (M.2 2280 PCI-E, Reading 3500 MB/s, Writing 2700 Mb/s)",1
"Накопитель SSD M.2 128GB Patriot P300P128GM28 P300 (M.2 2280 PCI-E, Reading 1600 MB/s, Writing 600 Mb/s)",1
"Накопитель SSD M.2 1TB CRUCIAL CT1000P3PSSD8 (M.2 2280 PCI-E, Reading 5000 MB/s, Writing 3600 Mb/s)",1
"Накопитель SSD M.2 1TB Kingston FURY Renegade w/Heatsink SFYRSK/1000G (M.2 2280 PCI-E, Reading 7300 MB/s, Writing 6000 Mb/s)",4
"Накопитель SSD M.2 1TB Patriot P300P1TBM28 P300 (M.2 2280 PCI-E, Reading 2100 MB/s, Writing 1650 Mb/s)",5
"Накопитель SSD M.2 1TB Patriot Viper VP4300-1TBM28H VP4300 (M.2 2280 PCI-E, Reading 7400 MB/s, Writing 5500 Mb/s)",3
"Накопитель SSD M.2 1TB Patriot VPN110-1TBM28H VPN110 (M.2 2280 PCI-E, Reading 3300 MB/s, Writing 3000 Mb/s)",1
"Накопитель SSD M.2 1TB Patriot VPR400-1TBM28H VPR400 (M.2 2280 PCI-E, RGB, Reading 4600 MB/s, Writing 4400 Mb/s)",1
"Накопитель SSD M.2 1TB SAMSUNG 980 MZ-V8V1T0BW (M.2 2280, PCI-E x 4, Reading 3500 MB/s, Writing 3000 Mb/s)",3
"Накопитель SSD M.2 1TB SAMSUNG EVO MZ-V7S1T0BW 970 EVO Plus (M.2 2280 PCI-E, Reading 3500 MB/s, Writing 3200 Mb/s)",1
"Накопитель SSD M.2 1TB SAMSUNG MZ-V9P1T0BW 990 PRO (M.2 2280, PCI-E x 4, Reading 7450 MB/s, Writing 6900 Mb/s)",1
"Накопитель SSD M.2 1TB SAMSUNG MZ-V9P1T0CW 990 PRO (M.2 2280, w/Heatsink, PCI-E x 4, Reading 7450 MB/s, Writing 6900 Mb/s)",1
"Накопитель SSD M.2 1TB WD Black SN770 (M.2 2280 PCI-E, Reading 5150 MB/s, Writing 4900 Mb/s)",1
"Накопитель SSD M.2 1TB WD Black SN850X (M.2 2280 PCI-E, Reading 7300 MB/s, Writing 6300 Mb/s)",1
"Накопитель SSD M.2 250GB SAMSUNG 980 MZ-V8V250BW (M.2 2280, PCI-E x 4, Reading 2900 MB/s, Writing 1300 Mb/s)",1
"Накопитель SSD M.2 256GB Patriot P300P256GM28 P300 (M.2 2280 PCI-E, Reading 1700 MB/s, Writing 1100 Mb/s)",1
"Накопитель SSD M.2 2TB Patriot P400 (M.2 2280 PCI-E, Reading 7000 MB/s, Writing 4800 Mb/s)",2
"Накопитель SSD M.2 480GB Patriot P310P480GM28 P310 (M.2 2280 PCI-E, Reading 1700 MB/s, Writing 1500 Mb/s)",2
"Накопитель SSD M.2 4TB SAMSUNG MZ-V9P4T0GW 990 PRO (M.2 2280, PCI-E x 4, Reading 7450 MB/s, Writing 6900 Mb/s)",1
"Накопитель SSD M.2 500GB CRUCIAL CT500P3PSSD8 (M.2 2280 PCI-E, Reading 4700 MB/s, Writing 1900 Mb/s)",1
"Накопитель SSD M.2 500GB Kingston SNV2S/500G (M.2 2280 NVMe PCI-E, Reading 3500 MB/s, Writing 2100 Mb/s)",1
"Накопитель SSD M.2 500GB Kingston SNV3S/500G NV3 (M.2 2280 PCI-E, Reading 6000 MB/s, Writing 3000 Mb/s)",2
"Накопитель SSD M.2 500GB WD Black SN770 (M.2 2280 PCI-E, Reading 5000 MB/s, Writing 4000 Mb/s)",1
"Накопитель SSD M.2 500GB WD Black SN770 (M.2 2280 PCI-E, Reading 5000 MB/s, Writing 4000 Mb/s, WDBBDL5000ANC)",3
"Накопитель SSD M.2 512GB Patriot P300P512GM28 P300 (M.2 2280 PCI-E, Reading 1700 MB/s, Writing 1200 Mb/s)",4
"Накопитель SSD M.2 512GB Patriot VPN110-512GM28H VPN110 (M.2 2280 PCI-E, Reading 3100 MB/s, Writing 2300 Mb/s)",1
"Накопитель SSD M.2 512GB Patriot VPR400-512GM28H VPR400 (M.2 2280 PCI-E, RGB, Reading 4600 MB/s, Writing 3600 Mb/s)",1
"Накопитель SSD внешний 1TB Crucial X6 (2.5"", 800/480Mbps, USB 3.2, Black)",1
"Накопитель SSD внешний 1TB Patriot Duo Compact PVP30 PVP301TB28UDG (1000Mbps, USB-A/USB-C, Black)",1
"Накопитель SSD внешний 1TB Patriot Transporter Lite PTPL1TBPEC (2.5"", 1000Mbps, USB-C, Black)",1
"Накопитель SSD внешний 1TB SanDisk Portable SDSSDE30-1T00-G26 (2.5"", 800Mbps, USB-C, Black)",1
"Накопитель SSD внешний 2TB Crucial X6 (2.5"", 800/480Mbps, USB 3.2, Black)",2
"Накопитель SSD внешний 2TB SAMSUNG Portable T7 MU-PC2T0T/WW (2.5"", 1050/1000Mbps, Touch, USB 3.2, Titan Grey)",1
"Накопитель SSD внешний 2TB SAMSUNG T5 EVO Portable T5 MU-PH2T0S/EU (2.5"", 460/460Mbps, USB-C, Black)",1
"Накопитель SSD внешний 2TB SanDisk Portable SDSSDE30-2T00-G26 (2.5"", 800Mbps, USB-C, Black)",1
"Накопитель SSD внешний 512GB Patriot Transporter Lite PTPL512GPEC (2.5"", 1000Mbps, USB-C, Black)",2
"Накопитель SSD внешний 512GB Patriot Transporter PTP512GPEC (2.5"", 1000Mbps, USB-C, Black)",1
Наушники беспроводные Oklick BT-S-120 Black (Bluetooth),3
"Наушники с микрофоном CrownMicro CMGH-3102 (Black/Green, 7.1, USB)",1
"Наушники с микрофоном CrownMicro CMH-941 (Rose, 3.5mm)",2
Наушники с микрофоном Fury NFU-0863 Hellcat Gaming (Mini-Jack),1
"Наушники с микрофоном Fury NFU-1585 Warhawk, Gaming (RGB, 3.5mm)",2
"Наушники с микрофоном Genesis NSG-0687 H59, Gaming (Mini-Jack)",1
"Наушники с микрофоном Genesis NSG-0901 ARGON 200 BLACK-BLUE, Gaming (2xMini-Jack)",1
"Наушники с микрофоном Genesis NSG-0943 NEON 350, Gaming (2xMini-Jack)",1
"Наушники с микрофоном Genesis NSG-1434 ARGON 100 BLACK, Gaming (1xMini-Jack)",2
"Наушники с микрофоном Genesis NSG-1435 ARGON 100 Black-Green, Gaming (Mini-Jack)",2
"Наушники с микрофоном Genesis NSG-1437 Argon 110 Black-Red, Gaming (Mini-Jack)",4
"Наушники с микрофоном Genesis NSG-1578 RADON 300 VIRTUAL 7.1 BLACK-RED, Gaming (USB)",3
"Наушники с микрофоном Genesis NSG-1992 RADON 210 BLACK-RED, Gaming (USB)",2
"Наушники с микрофоном Genesis NSG-2117 Toron 531 Black, Gaming (Mini-Jack)",1
"Наушники с микрофоном Genesis NSG-2307 NEON 613 G2 RGB ILLUMINATION Black, Gaming (Mini-Jack)",2
"Наушники с микрофоном HyperX Cloud Stinger (Gaming, 3.5mm, 1.3m, Black)",1
"Наушники с микрофоном Logitech G335 Gaming (1x3.5mm/2x3.5mm, Black)",1
"Наушники с микрофоном Logitech G432, 7.1 Gaming (USB, Leatherette)",2
"Наушники с микрофоном Logitech H111 (3.5mm, Gray)",1
"Наушники с микрофоном Logitech H340 (USB, Black)",6
"Наушники с микрофоном Logitech H390 (USB, Black)",23
"Наушники с микрофоном Logitech H390 (USB, Off-White)",2
"Наушники с микрофоном Logitech H540 (USB, Black)",2
"Наушники с микрофоном Logitech H570E Stereo (USB, Black)",1
"Наушники с микрофоном Razer BlackShark V2 X (Gaming, 3.5mm audio jack, Black)",1
"Наушники с микрофоном Razer Kraken X Lite (Gaming, 1.3m, 3.5mm audio jack)",1
"Наушники с микрофоном SVEN AP-010MV (2x3.5mm, Black)",2
"Наушники с микрофоном SVEN AP-151MV (1x3.5mm, Black)",2
"Наушники с микрофоном SVEN AP-320M (1x3.5mm, Black)",2
"Наушники с микрофоном SVEN AP-680MV (2x3.5mm, Black)",2
"Наушники с микрофоном беспроводные CrownMicro CMBH-5098 (Bluetooth 5.0, Black)",2
"Наушники с микрофоном беспроводные CrownMicro CMTWS-5001 (Bluetooth, Black)",1
"Наушники с микрофоном беспроводные CrownMicro CMTWS-5001 (Bluetooth, White)",16
"Наушники с микрофоном беспроводные CrownMicro CMTWS-5002 (Bluetooth 5.0, White)",1
"Наушники с микрофоном беспроводные CrownMicro CMTWS-5006 (Bluetooth 5.0, White)",1
"Наушники с микрофоном беспроводные Logitech G435 Lightspeed, Gaming (USB, Black)",1
"Наушники с микрофоном беспроводные Logitech Zone Vibe 100 (Bluetooth, Graphite)",1
"Наушники с микрофоном беспроводные Ugreen 35757 (HiTune Max5c, Bluetooth 5.4, Black)",1
"Ноутбук Acer Aspire 3 A314-36P-3772 14"" (FHD, Core i3-N305, 8GB LPDDR5, 128GB SSD, Intel UHD Graphics, Windows 11 Home, Silver)",1
"Ноутбук Acer Aspire 5 A515-57-713N 15.6"" (FHD IPS, i7-12650H, 16GB DDR4, 512GB SSD, Intel UHD, Dark Gray, DOS, NX.KN4EX,00X)",1
"Ноутбук Acer Nitro V 15 ANV15-51 15.6"" (FHD IPS 144Hz, i5-13420H,  8GB DDR4, 512GB SSD, 6GB RTX 3050, Black, Windows 11)",1
"Ноутбук ASUS VivoBook F1504ZA-WH52 15.6"" (FHD, Core i5-1235U, 8GB DDR4, 256GB SSD, Intel Iris Xe Graphics, Windows 11 Home, Qui",1
"Ноутбук ASUS VivoBook Go 15 E1504GA-WB31 15.6"" (FHD, Core i3-N305, 8GB, 128GB UFS, Intel UHD Graphics, Black, Windows 11)",1
"Ноутбук Asus VivoBook X1404ZA-I38128 14"" (FHD, Core i3 1215U, 8GB DDRAM, 128GB SSD, Intel UHD, Quiet Blue, Windows 11s)",1
"Ноутбук ASUS ZenBook 14 OLED UM3402YA-WS74T 14"" (2.8K Touch, Ryzen 7-7730U, 16GB LPDDR4, 512GB SSD, AMD Radeon Graphics, Window",1
"Ноутбук ASUS Zenbook 14 UM3402YA-WS74T 14"" (2.8K OLED Touchscreen, Ryzen 7 7730U, 16GB LPDDR4, 512GB SSD, Jade Black, Windows 1",1
"Ноутбук ASUS ZenBook Q415MA-U5512 14"" (OLED WUXGA Touch, Core Ultra 5 125H, 8GB, 512GB SSD, Intel Arc Graphics, Jasper Gray, Wi",1
"Ноутбук Dell Inspiron 14 7440 14"" (WUXGA IPS Touch 2-in-1, Core 7 150U, 16GB DDR5, 1TB SSD, Iris Xe Graphics, Ice Blue, Windows",1
"Ноутбук Dell lnspiron 14 7445 14"" (WUXGA IPS Touch 2-in-1, Ryzen 7-8840HS, 16GB DDR5, 1TB SSD, AMD Radeon 780M, Windows 11 Home",1
"Ноутбук Dell Vostro 3520 (15.6"" FHD, i5 1235U, 8GB DDR4, 512GB SSD, Intel Iris XE, BT, Webcam, Black, DOS)",1
"Ноутбук Dell Vostro 3520 (15.6"" FHD, i7 1255U, 8GB DDR4, 512GB SSD, Intel Iris XE, BT, Webcam, Black, DOS)",1
"Ноутбук HP 15-fc0041wm 15.6 (FHD, Ryzen 5 7520U, 8GB, 512GB SSD, AMD Radeon 610M Graphics, Natural Silver, Windows 11, B5TH5UA#",2
"Ноутбук HP 15-fc0047wm 15.6 (FHD Touch, Ryzen 7 7730U, 16GB, 512GB SSD, Radeon Graphics, Natural Silver, Windows 11, B8LA8UA)",1
"Ноутбук HP 15-fd0025st 15.6"" (FHD, Core i5-1335U, 8GB DDR4, 256GB SSD, Intel Iris Xe Graphics, Windows 11 Home, Natural Silver)",1
"Ноутбук HP 250 G9 15.6"" (FHD, Core i7 1255U, 8GB DDR4, 512GB SSD, Intel Iris Xe, Silver, DOS, w/Bag)",1
"Ноутбук HP Envy X360 14"" (FHD Touch, Core 7 150U, 16GB, 512GB SSD, Intel Graphics, Silver, Windows 11)",1
"Ноутбук HP Envy X360 15-fe1082wm 15.6"" (FHD Touch, Core Ultra 7 155U, 16GB, 512GB SSD, Intel Graphics, Silver, Windows 11)",1
"Ноутбук HP OmniBook 5 Flip 14-fp0023dx 14"" (2K Touch, Core 7 150U, 16GB LPDDR5, 512GB SSD, Glacier Silver, Intel Graphics, Wind",1
"Ноутбук HP Pavilion 16-ag0070wm 16"" (WUXGA, Ryzen 7 8840U, 8GB DDR5, 512GB SSD, Radeon 780M Graphics, Meteor Silver, Windows 11",1
"Ноутбук HP Victus 15-fa0033dx 15.6"" (FHD IPS 144Hz, Core i5 12450H, 8GB DDR5, 512GB SSD, 4GB RTX3050, Performance Blue, Windows",1
"Ноутбук HP Victus 16-r0085cl 16.1"" (FHD IPS 144Hz, Core i7 13700H, 16GB DDR5, 1TB SSD, 8GB RTX4070, Mica Silver, Windows 11)",1
"Ноутбук HP Victus Gaming 15-fb2063dx 15.6"" (IPS FHD, 144Hz, Ryzen 5 7535HS, 8GB DDR4, 512GB SSD, 4GB Radeon RX 6550M, Mica Silv",1
"Ноутбук Lenovo IdeaPad 1 15.6"" (FHD, i3 1215U, 8GB DDR4, 256GB SSD, Intel UHD Graphics, Grey, DOS)",1
"Ноутбук Lenovo IdeaPad 3 15IAU7 15.6"" (FHD IPS Touch, i7 1255U, 16GB DDR4, 512GB SSD, Intel IRIS XE, Grey, Windows 11)",1
"Ноутбук Lenovo IdeaPad 3 15IAU7 15.6"" (FHD IPS Touch, i7 1255U, 8GB DDR4, 512GB SSD, Intel IRIS XE, Grey, Windows 11)",1
"Ноутбук Lenovo Ideapad L340-15API 15.6"" (FHD, Ryzen 3-3200U, 8GB DDR4, 256GB SSD, Vega 3, Grey, DOS)",3
"Ноутбук Lenovo Ideapad Slim 3 15.6"" (FHD Touch, Core 5 120U, 8GB DDR5, 512GB SSD, Intel Graphics, Arctic Grey, Windows 11)",1
"Ноутбук Lenovo Ideapad Slim 3 15.6"" (FHD Touch, Ryzen 7 7730U, 16GB DDR4, 512GB SSD, Radeon Graphics, Abyss Blue, Windows 11)",1
"Ноутбук Lenovo ThinkBook V14 G4 AMN 14"" (FHD, Ryzen 5 7520U, 8GB DDR4, 256GB SSD, AMD Radeon Graphics, Black, Windows 11 Pro)",1
"Ноутбук Lenovo V15 15.6"" (FHD, i3 1315U, 8GB DDR4, 256GB SSD, Intel UHD, Business Black, DOS, 83A1004SUE)",3
"Ноутбук Lenovo V15 15.6"" (FHD, i5 13420H, 8GB DDR4, 512GB SSD, Intel HD, Dark Grey, DOS, 83A1008WEU)",2
"Ноутбук Lenovo V15 15.6"" (FHD, i7 1255U, 16GB DDR4, 512GB SSD, Intel Iris Xe, Dark Grey, DOS)",2
"Ноутбук Lenovo V15 15.6"" (FHD, Ryzen 5 7520U, 8GB DDR4, 256GB SSD, AMD Radeon Graphics, Dark Grey, DOS)",3
"Ноутбук Lenovo V15 G2 IJL 15.6"" (FHD, Celeron N4500, 4GB DDR4, 256GB SSD, Intel HD, Black, DOS, 82QY00PHAK)",1
"Ноутбук Lenovo V15 G2 IJL 15.6"" (FHD, Celeron N4500, 4GB DDR4, 256GB SSD, Intel UHD Graphics, Black, DOS)",2
"Ноутбук MSI Katana A15 15.6"" (FHD IPS 144Hz, Ryzen 7 8845HS, 16GB DDR5, 1TB SSD, 8GB RTX4070, Black, Windows 11)",1
"Ноутбук MSI Summit E13 AI Evo 13.3"" (WUXGA, Core Ultra 7-155H, 16GB LPDDR5, 1TB SSD, Intel Arc Graphics, Black, Windows 11, Sty",1
"Ноутбук MSI Thin 15.6"" (IPS FHD 144Hz, Core i5 13420H, 16GB DDR4, 512GB SSD, 4GB RTX3050, Black, Windows 11)",1
"Ноутбук Samsung Galaxy Book4 15.6"" (FHD, Core 7-150U, 16GB LPDDR4, 512GB SSD, Intel Graphics, Windows 11 Home, Silver, NP750XGK",1
Патч-панель LANBERG PPU5-1048-B 48 PORT 1U CAT.5E BLACK,1
"Патч-панель LANBERG PPU5-9012-B 12 PORT 1U CAT.5E 10"" BLACK",2
Патч-панель LANBERG PPU6-1024-B 24 PORT 1U CAT.6 BLACK,1
Патч-панель LANBERG PPU6-1024-S 24 PORT 1U CAT.6 GRAY,1
Переходник CrownMicro CM-H-01 для HDD 5.25-3.5,10
Переходник Molex - 8Pin PCIe Graphic Card,2
"Переходник Ugreen 10396 (Micro USB(M) to USB-A(F), OTG, 15cm, Black)",10
"Переходник Ugreen 10739 (3.5mm (M) to 2x3.5mm(F), 20cm, White)",3
Переходник Ugreen 30453 (USB 3.0 to Micro USB(M)+USB Type-C(M)),1
Переходник Ugreen 50533 (USB 3.0 to USB Type-C),5
"Переходник сетевой (Euro -> Universal socket, White)",2
Подставка для ноутбука/планшета Ugreen 90849 (Alluminium),1
Презентационный пульт Logitech R400 (Black),2
Презентационный пульт Logitech R500S (Gray),1
Принтер лазерный Canon ImageCLASS LBP6030,2
Принтер лазерный HP LaserJet M111a (A4),2
Принтер лазерный МФУ Canon imageCLASS MF3010,2
Принтер лазерный МФУ HP LaserJet M141a (A4),2
Принтер лазерный МФУ HP LaserJet Pro 3103fdn (A4),1
Принтер лазерный цветной МФУ HP Color Laser 179fnw (A4),1
"Принтер струйный МФУ Canon PIXMA MG2541S, A4",3
"Принтер струйный МФУ Canon PIXMA MG2546S, A4",3
Программа Microsoft Win Pro 11 32-bit/64-bit Eng Int DVD,1
"Проектор Acer X1226AH (DLP, max 10000h., 4000lm, 20000:1, 1024x768, USB, HDMI, VGA, Component, RCA, Audio In/Out)",1
"Проектор Viewsonic PA503S (DLP, макс 15000ч., 3600lm, 22000:1, макс 800x600, USB, RS-232, HDMI, 2xVGA, Component, RCA, Audio In",3
"Процессор AMD A10 8770 (S-AM4, TRAY)",2
"Процессор AMD A6 9500E (S-AM4, 3.0GHz, R5, TRAY)",1
"Процессор AMD Ryzen 3 4100 (S-AM4, BOX)",4
"Процессор AMD Ryzen 5 5600G (S-AM4, TRAY)",2
"Процессор AMD Ryzen 5 5600X (S-AM4, TRAY)",2
"Процессор AMD Ryzen 5 7600X (S-AM5, TRAY)",2
"Процессор AMD Ryzen 5 8500G (S-AM5, BOX)",2
"Процессор AMD Ryzen 7 5700X (S-AM4, TRAY)",1
"Процессор AMD Ryzen 7 7700 (S-AM5, TRAY)",1
"Процессор AMD Ryzen 7 8700G (S-AM5, BOX)",2
"Процессор Intel Core i3 12100 (3.3GHz, 6Mb, 8GT/s, GPU, S1700, TRAY)",10
"Процессор Intel Core i3 13100 (3.4GHz, 12Mb, 8GT/s, GPU, S1700, TRAY)",1
"Процессор Intel Core i3 14100 (4.7GHz, 12Mb, 8GT/s, GPU, S1700, TRAY)",1
"Процессор Intel Core i3 14100F (4.7GHz, 12Mb, 8GT/s, S1700, TRAY)",2
"Процессор Intel Core i3 9100F (3.6GHz, 6Mb, 8GT/s, GPU, S1151v2, TRAY)",1
"Процессор Intel Core i5 12400F (2.5GHz, 12Mb, 8GT/s, S1700, TRAY)",5
"Процессор Intel Core i5 13400 (2.5GHz, 20Mb, GPU, S1700, TRAY)",2
"Процессор Intel Core i5 13400F (2.5GHz, 20Mb, 8GT/s, S1700, TRAY)",1
"Процессор Intel Core i5 14400 (4.7GHz, 20Mb, 8GT/s, GPU, S1700, TRAY)",1
"Процессор Intel Core i5 14600KF (2.6GHz, 24Mb, 8GT/s, S1700, TRAY)",1
"Процессор Intel Core i7 12700K (3.6GHz, 25Mb, 8GT/s, GPU, S1700, TRAY)",1
"Процессор Intel Core i7 13700K (3.4GHz, 30Mb, GPU, S1700, BOX)",2
"Процессор Intel Core i7 14700K (2.5GHz, 33Mb, 8GT/s, GPU, S1700, TRAY)",2
"Процессор Intel Core i9 12900K (3.2GHz, 30Mb, 8GT/s, S1700, TRAY)",1
"Процессор Intel Core i9 12900KF (3.2GHz, 30Mb, 8GT/s, S1700, BOX)",1
"Процессор Intel Core i9 14900K (3.2GHz, 36Mb, 8GT/s, GPU, S1700, TRAY)",1
"Процессор Intel Pentium Gold G7400 (3.7GHz, 6Mb, 8GT/s, GPU, S1700, OEM)",2
"Сетевая антенна Intellinet 502313 (Directional, 18dbi, gain)",1
"Сетевая карта Asus PCE-AX1800 (PCI-E, WiFi 6, Bluetooth 5.2)",6
"Сетевая карта D-Link DFE-530TX (10/100Mbit), PCI",2
"Сетевая карта Lanberg NC-1000-01 (10/100/1000, USB3.0)",1
Сетевая карта Lenovo USB-C > GigaBit-Lan RJ45,1
"Сетевая карта TP-Link Archer T2U NANO (AC600, Nano, USB)",2
"Сетевая карта TP-Link Archer T4U (AC1300, Dual, External antennas, USB)",2
"Сетевая карта TP-Link Archer TXE75E (AXE5400, Wi-Fi 6e, Bluetooth, PCI-E)",2
Сетевая карта TP-Link TL-WN781ND (PCI-E),3
Сетевая карта TP-Link TL-WN822N (USB),3
Сетевая карта TP-Link TL-WN823N (USB),3
Сетевая карта TP-Link TL-WN881ND (PCI-E),4
"Сетевая карта TP-Link UE300 (10/100/1000, USB)",2
"Сетевая карта Ugreen 50737 (10/100/1000, USB-C, Space Grey)",1
"Сетевой фильтр CrownMicro CMPS-06 (6 Euro Sockets, 5.0m, Black, 2500W)",5
"Сетевой фильтр LANBERG PS0-05F-0150-BK (5 SOCKETS 1.5M, SCHUKO, BLACK)",3
"Сетевой фильтр LANBERG PS0-05F-0150-W (5 SOCKETS 1.5M, SCHUKO, WHITE)",10
"Сетевой фильтр LANBERG PS0-05F-0300-W (5 SOCKETS 3M, SCHUKO, WHITE)",2
"Сетевой фильтр Lightwave LW EXT 52U-2P (5 Universal Sockets, 2xUSB (2.1A), 3.0m, Black)",5
"Сетевой фильтр Lightwave LW EXT 72UC-2P (7 Universal Sockets, 1xUSB, 1xType-C (2.1A), 3.0m, Black)",5
"Сетевой фильтр Lightwave LW-EXT-43U-2P (4 Universal Sockets, 3xUSB, Black)",2
"Сетевой фильтр Lightwave LW-EXT-44MW-2P (4 Universal Sockets, 3xUSB, 1xType-C, Black)",1
"Сетевой фильтр Lightwave LW-EXT-44U-2P (4 Universal Sockets, 4xUSB, 2.0m, Black)",5
"Сетевой фильтр Lightwave LW-EXT-64U-2P (6 Universal Sockets, 4xUSB, 2.0m, Black)",4
"Сетевой фильтр SVEN Optima 6 1.8 (6 Euro Sockets, 1.8m, Black, 2300W)",8
"Сетевой фильтр SVEN Optima 6 3.0 (6 Euro Sockets, 3.0m, Black, 2300W)",5
"Сетевой фильтр SVEN Optima 6 5.0 (6 Euro Sockets, 5.0m, Black, 2300W)",10
"Сетевой фильтр SVEN SF-05E 1.0 (5 Euro Sockets, 1.0m, Black, 2300W)",1
"Сетевой фильтр SVEN SF-05LU 1.8 (5 Euro Sockets, 2xUSB (2.4А), 1.8m, Black, 2300W)",1
"Сетевой фильтр SVEN SF-05LU 3.0 (5 Euro Sockets, 2xUSB (2.4А), 3.0m, Black, 2300W)",1
"Сетевой фильтр SVEN SF-06E 3.0 (6 Euro Sockets, 3.0m, Black, 2300W)",1
"Сетевой фильтр SVEN SF-06E 5.0 (6 Euro Sockets, 5.0m, Black, 2300W)",1
"Сканер штрих-кодов Deli E14953W 1D (USB, беспроводной, черный)",1
"Смарт-браслет Smarterra FitMaster 5 SMFT-05WBL (IPS, Color, White)",1
"Смарт-часы Digma Smartline D2E (1.3"", Black)",2
"Смарт-часы Smarterra Zen SMZORG (0.96"", Orange)",1
Соединитель Lanmaster TWT-SLC-UY2 (100PCS),2
"Сумка для ноутбука 10.2"" Belkin Нетбук Carry Case F8N161EAJIR (Jetset Red)",1
"Сумка для ноутбука 11.6"" Golla DIP G1163 (Lime Green)",1
"Сумка для ноутбука 13.3"" Canyon CNL-NB08J",2
"Сумка для ноутбука 14"" RivaCase 7704 (Sleeve, Black)",1
"Сумка для ноутбука 14.1"" Manhattan Reversible 439350 (Purple/Cream)",1
"Сумка для ноутбука 15.4"" Belkin Laptop Hideaway F8N060EAKHK (Dove/Tarragon)",1
"Сумка для ноутбука 15.4"" IXA Montago S735BN (Multicolor)",1
"Сумка для ноутбука 15.4"" IXA Sleeves S852RD (Red)",1
"Сумка для ноутбука 15.4"" IXA Tango S740BN (Multicolor)",1
"Сумка для ноутбука 15.4"" Targus TLT059EU (Ladies Leather)",1
"Сумка для ноутбука 15.4"" Targus TSM05601EU (RS Vertical Messenger Blue/Teal)",1
"Сумка для ноутбука 15.6"" Digma R-270 (Black)",2
"Сумка для ноутбука 15.6"" Digma R-270 (Grey/Black)",1
"Сумка для ноутбука 15.6"" Innovation IT NT15 Black",1
"Сумка для ноутбука 15.6"" NATEC Beira NTO-2056 (Black)",4
"Сумка для ноутбука 15.6"" NATEC Doberman NTO-0768 (Black)",5
"Сумка для ноутбука 15.6"" Natec GOA NTO-2055 (Black)",5
"Сумка для ноутбука 15.6"" Natec IMPALA 2 NTO-2228 (Onyx Black)",5
"Сумка для ноутбука 15.6"" NATEC Nanger NTO-2027 (Black)",3
"Сумка для ноутбука 15.6"" Natec Taruca NTO-2031 (Black)",5
"Сумка для ноутбука 15.6"" Natec WALLAROO NTO-2051 (With wireless Mouse, Black)",5
"Сумка для ноутбука 15.6"" PC Pet PCPKB0115BN (Рюкзак, Brown/Orange)",1
"Сумка для ноутбука 17.3"" PC Pet 600D (PCP-A1317GY, Grey/Black)",1
"Сумка/Рюкзак для ноутбука 15.6"" Genesis PALLAD 410 NBG-1947 (Black)",1
"Термопаста Aerocool Baraf (1g, Syringe)",2
"Термопаста Aerocool Baraf-S (3.5g, Syringe)",2
"Термопаста Arctic MX-4 (45g, syringe)",3
"Термопаста Arctic MX-4 (8g, syringe)",3
"Термопаста Arctic MX-6 (2g, syringe)",4
"Термопаста Arctic MX-6 (4g, syringe + 5 x Cleaning wipes)",2
"Термопаста ID-Cooling Frost X05 (5g, Syringe)",3
"Точка доступа/Router Asus RP-N12 (N300, Repeater)",1
"Точка доступа/Router ASUS RT-AX52 (AX1800, Wi-Fi 6, Dual Band, 4xAntennas)",3
"Точка доступа/Router ASUS RT-AX53U (AX1800, Wi-Fi 6, Dual Band, 4xAntennas)",2
Точка доступа/Router D-Link DIR-825/AC/G1A (10/100/1000),1
"Точка доступа/Router MikroTik RB2011UIAS-RM (10/100/1000, SFP, Black)",1
"Точка доступа/Router MikroTik RB750UPR2 hEX POE lite (10/100, White)",1
"Точка доступа/Router MikroTik RB760IGS HEX S (10/100/1000, SFP)",2
"Точка доступа/Router MikroTik RB941-2ND-TC (10/100, White)",1
"Точка доступа/Router TP-Link Archer AX10 (AX1500, 10/100/1000)",5
"Точка доступа/Router TP-Link Archer AX55 (AX3000, 10/100/1000)",1
"Точка доступа/Router TP-Link Archer AX6000 (AX6000, 10/100/1000)",1
"Точка доступа/Router TP-Link Archer AX72 (AX5400, 10/100/1000)",1
"Точка доступа/Router TP-Link Archer AX73 (AX5400, 10/100/1000)",1
"Точка доступа/Router TP-Link Archer C20 (AC733, 3G support)",1
Точка доступа/Router TP-Link Archer C50 (AC1200),4
Точка доступа/Router TP-Link Archer C60 (AC1350),5
Точка доступа/Router TP-Link Archer C80 (AC1900),2
"Точка доступа/Router TP-Link Archer MR200 AC750 (Dual, 3G/4G, Sim)",3
"Точка доступа/Router TP-Link Archer MR505 AC1200 (4G LTE, 10/100/1000 Cat.6)",2
"Точка доступа/Router TP-Link Archer MR600 AC1200 (4G LTE, 10/100/1000 Cat.6)",2
Точка доступа/Router TP-Link CPE-510 (802.11n),1
"Точка доступа/Router TP-Link Deco E4 (Mesh, 2xPack, AC1200, 10/100)",2
"Точка доступа/Router TP-Link Deco M4 (Mesh, 1xPack, AC1200, 10/100/1000)",1
Точка доступа/Router TP-Link EAP-245 (802.11n),1
Точка доступа/Router TP-Link M7200 4G LTE Mobile Wi-Fi,1
Точка доступа/Router TP-Link M7350 (4G),1
Точка доступа/Router TP-Link MERCUSYS MW325R,3
"Точка доступа/Router TP-Link RE205 (AC750) (802.11ac/ab/g/n, Repeater, Powerline, up to 733Mbps)",2
"Точка доступа/Router TP-Link RE305 (AC1200, Repeater, Powerline, up to 1200Mbps)",1
"Точка доступа/Router TP-Link RE450 (AC1750) (802.11ac/ab/g/n, Repeater, Powerline, up to 733Mbps)",3
Точка доступа/Router TP-Link TL-MR3420 (3G/4G),2
Точка доступа/Router TP-Link TL-WA801N (802.11n),1
"Точка доступа/Router TP-Link TL-WA855RE (N300, Repeater, Powerline)",5
"Точка доступа/Router TP-Link TL-WA860RE (N300, Repeater, Powerline)",1
Точка доступа/Router TP-Link TL-WR840N (802.11n),3
Точка доступа/Router TP-Link TL-WR841N (802.11n),2
Точка доступа/Router TP-Link TL-WR844N (802.11n),4
Точка доступа/Router Ubiquiti ISP (LTU-LR),2
Точка доступа/Router Ubiquiti ISP (LTU-PRO),1
Удлинитель LANBERG CA-C13E-10CC-0018-BK POWER SUPPLY CABLE IEC 320 C13-> C14 1.8M BLACK,10
Удлинитель LANBERG CA-C13E-11CC-0018-BK POWER SUPPLY CABLE IEC 320 C13-> C14 1.8M BLACK,5
Удлинитель LANBERG CA-C13E-11CC-0050-BK POWER SUPPLY CABLE IEC 320 C13-> C14 5.0M BLACK,5
Удлинитель LANBERG CA-US3E-10CC-0018-B CABLE USB 3.0 AM-AF BLUE 1.8M,5
Удлинитель LANBERG CA-USBE-10CC-0018-BK CABLE USB 2.0 AM-AF BLACK 1.8M,17
Удлинитель LANBERG CA-USBE-10CC-0030-B CABLE USB 2.0 AM-AF 2.0 BLUE 3M,4
Удлинитель LANBERG CA-USBE-10CC-0030-BK CABLE USB 2.0 AM-AF 2.0 BLACK 3M,10
Удлинитель LANBERG CA-VGAC-10CC-0018-B+ CABLE VGA HD15M/HD15F DUAL-SHIELDED 2*FERRITE BLACK 1.8M,2
"Удлинитель Ugreen 10387 USB-C/M to USB-C/F Gen2 Extension Cable (5A, 1M, Black)",1
Умная розетка Xiaomi Mija Mi Smart (White),1
"Флешка USB 128GB Kingston DataTraveler 70 (USB-C, Black)",5
"Флешка USB 128GB Kingston DataTraveler 80M (USB-C, Black)",1
"Флешка USB 128GB Kingston DataTraveler Exodia (USB 3.2, Black)",2
"Флешка USB 128GB Kingston DataTraveler MicroDUO 3C Dual (USB 3.2 + USB-C, Purple)",2
"Флешка USB 128GB Patriot PE128GR550DSAD RAGE R550 (USB-C/USB 3.2, Dark Shadow)",4
"Флешка USB 128GB Patriot PEF128GRLB32U SS RAGE (USB 3.2, Black)",5
"Флешка USB 128GB Patriot PSF128GBITB32U BIT (USB 3.2, Black)",1
"Флешка USB 128GB Patriot PSF128GT300DS3U TAB300 (USB 3.2, Dark Shadow)",2
"Флешка USB 128GB Patriot PSF128GX3B3U XPORTER 3 Slider (USB 3.2, Black)",3
"Флешка USB 128GB Patriot PSF128GXRB3U Xporter Core (USB 3.2, Black)",11
"Флешка USB 128GB Samsung USB Type-C (USB-C, Blue)",1
"Флешка USB 256GB Kingston DataTraveler 80M (USB-C, Black)",1
"Флешка USB 256GB Kingston DataTraveler Exodia (USB 3.2, Black)",1
"Флешка USB 256GB Patriot PEF256GRGPB32U SS Rage Pro (USB 3.2, Black)",2
"Флешка USB 256GB Patriot PEF256GRLB32U SS Rage Lite (USB 3.2, Black)",3
"Флешка USB 256GB Patriot PSF256GX3B3U XPORTER 3 Slider (USB 3.2, Black)",3
"Флешка USB 256GB Samsung Bar Plus (USB 3.1, Titan Grey)",1
"Флешка USB 32GB Patriot PEF32GRLB32U SS RAGE LITE (USB 3.2, Black)",10
"Флешка USB 32GB Patriot PSF32GX3B3U XPORTER 3 Slider (USB 3.2, Black)",6
"Флешка USB 64GB Kingston DataTraveler 70 (USB-C, Black)",3
"Флешка USB 64GB Kingston DataTraveler 80M (USB-C, Black)",3
"Флешка USB 64GB Kingston DataTraveler Exodia M (USB 3.2, Black)",4
"Флешка USB 64GB Kingston DataTraveler Exodia Onyx (USB 3.2, Black)",5
"Флешка USB 64GB Patriot PEF64GRLB32U SS RAGE LITE (USB 3.2, Black)",3
"Флешка USB 64GB Patriot PEF64GSBUSB SUPERSONIC BOOST (USB 3.0, 150/30, Black)",3
"Флешка USB 64GB Patriot PSF64GT300DS3U TAB300 (USB 3.2, Dark Shadow)",3
"Флешка USB 64GB Patriot PSF64GX3B3U XPORTER 3 Slider (USB 3.2, Black)",8
"Флешка USB 64GB Samsung Bar Plus (USB 3.1, Silver)",2
"Флешка USB 64GB Samsung FIT Plus (USB 3.1, Black)",2
Чистящие средства пневматический очиститель Cactus CS-AIR400,4
Чистящие средства пневматический очиститель Cactus CS-AIR750,4
Чистящий спрей Cactus CS-WB250,8
"Шкаф полка LANBERG AK-1002-B (19"" FIXED SHELF 1U/465X300mm, Max load 120kg, Black)",1
"Шкаф полка LANBERG AK-1003-B (19"" FIXED SHELF 1U/465X515mm, Max load 120kg, Black)",1
"Шредер Buro Home BU-S601S (6 list, 10ltr, pl.cards)",1
"Шурупы LANBERG AK-1303-S 19"" MOUNTING SCREWS SET 20PCS",2
"Экран для проектора Cactus Wallscreen CS-PSW-104x186 (104x186cm, 16:9, настенный)",2
Экшн-камера Digma DiCam 235 (Black),1
