NAME,SOLD,COST
"Адаптер Bluetooth TP-Link UB500 (USB, BT 5.0+EDR, 20м)",2,14.06
Адаптер Buro BU-DVI-VGA DVI-D(M)->VGA(F) BLACK,5,5.9
Адаптер LANBERG AD-0017-BK HDMI-A(M)->VGA(F)+AUDIO ON CABLE,3,6.41
Адаптер LANBERG AD-0017-BK HDMI-A(M)->VGA(F)+AUDIO ON CABLE,7,4.76
"Аккумулятор для ИБП Armac 12V, 9AH",5,19.46
"Аккумулятор для ИБП Lightwave 12V, 12AH",1,22.82
"Аккумулятор для ИБП Lightwave 12V, 7.5AH",11,14.87
"Аккумулятор для ИБП Lightwave 12V, 7.5AH",60,13.08
"Аккумулятор для ИБП Lightwave 12V, 9AH",6,20.85
"Аккумулятор для ИБП Lightwave 12V, 9AH",71,15.9
Аккумулятор для ИБП Mercury 12V-7.5AH,11,15.41
Аккумулятор для ИБП Mercury 12V-9AH,2,23.85
Аккумулятор для ИБП Mercury 12V-9AH,10,18.97
"Батарейка Verbatim CR2025 (Lithium, 4pcs Blister)",6,1.5
"Батарейка Verbatim LR06 AA (Alkaline, 4pcs)",1,1.54
Блок питания 1000W Gigabyte GP-UD1000GM PG5 80+ Gold (ATX),1,198.72
Блок питания 500W CrownMicro CM-PS500W OEM (ATX),1,23.85
Блок питания 600W Deepcool PF600 80+ (ATX),3,47.69
Блок питания 600W Xilence Performance XP600R6 (ATX),1,45.13
Блок питания 600W Xilence Performance XP600R6 (ATX),1,45.13
Блок питания 650W Cougar Atlas 650 80+ Bronze (ATX),1,71.03
Блок питания 700W Deepcool PF700 80+ (ATX),3,51.88
Блок питания 700W Thermaltake TR2 S 80+ (ATX),3,67.78
Блок питания 750W Cougar Atlas 750 80+ Bronze (ATX),2,69.62
Блок питания 750W Cougar Atlas 750 80+ Bronze (ATX),5,67.74
Блок питания 750W Deepcool PF750 80+ (ATX),1,54.62
Блок питания 750W Deepcool PF750 80+ (ATX),1,58.21
Блок питания 750W Thermaltake SMART BX3 80+ Bronze (ATX),2,93.85
Блок питания 750W Thermaltake Toughpower GT Gen.5 80+ Gold (ATX3.1),1,115.38
Блок питания 800W Deepcool PK800D 80+ (ATX),1,67.95
Блок питания 850W Thermaltake Toughpower GF Gold Full Modular (ATX),3,138.46
Блок питания 850W Thermaltake Toughpower GF1 ARGB 80+ Gold (ATX),1,182.05
Блок питания 850W Thermaltake Toughpower GT Snow Gen.5 80+ Gold (ATX3.1),1,135.13
"Блок питания 850W Thermaltake Toughpower GX3 System Pack Gold (ATX, Bulk)",2,126.67
"Веб-камера Logitech Brio 105 Full HD (с микрофоном, 960-001592)",8,38.97
Веб-камера Logitech Brio 4K (с микрофоном),1,188.5
Веб-камера Logitech Brio 4K (с микрофоном),2,185.9
"Веб-камера Logitech C925e Full HD (с микрофоном, 960-001076)",1,77.95
Веб-камера Logitech HD Webcam C270 (с микрофоном),5,22.82
Веб-камера Logitech HD Webcam C310 (с микрофоном),2,27.56
Веб-камера Logitech HD Webcam C310 (с микрофоном),4,25.13
"Видеокарта 12GB Zotac GeForce RTX3060 Gaming Twin Edge (15000MHz, GDDR6, 192bit, HDMI/3xDP)",5,345.87
"Видеокарта 12GB Zotac GeForce RTX5070 SOLID OC (28000MHz, GDDR7, 192bit, HDMI/3xDP)",6,802.18
"Видеокарта 12GB Zotac GeForce RTX5070 Twin Edge (28000MHz, GDDR7, 192bit, HDMI/3xDP)",1,715.13
"Видеокарта 12GB Zotac GeForce RTX5070 Twin Edge (28000MHz, GDDR7, 192bit, HDMI/3xDP)",1,769.23
"Видеокарта 16GB Zotac GeForce RTX5060 Ti Twin Edge (28000MHz, GDDR7, 128bit, HDMI/3xDP)",3,565.38
"Видеокарта 16GB Zotac GeForce RTX5060 Ti Twin Edge (28000MHz, GDDR7, 128bit, HDMI/3xDP)",3,617.01
"Видеокарта 16GB Zotac GeForce RTX5070 Ti SOLID SFF (28000MHz, GDDR7, 192bit, HDMI/3xDP)",1,1064.87
"Видеокарта 16GB Zotac GeForce RTX5070 Ti SOLID SFF (28000MHz, GDDR7, 192bit, HDMI/3xDP)",1,1146.15
"Видеокарта 1GB Arktek GeForce G210 AKN210D3S1GL1 (460MHz, DDR3, 64bit, VGA/DVI-I/HDMI)",2,27.95
"Видеокарта 2GB Arktek GeForce GT730 AKN730D3S2GL1 (810MHz, DDR3, 128bit, LP, VGA/DVI-I/HDMI)",1,58.97
"Видеокарта 2GB Arktek GeForce GT740 AKN740D3S2GL1 (5000MHz, GDDR3, 128bit, VGA/DVI/HDMI)",1,52.05
"Видеокарта 4GB Arktek AMD RX550 AKR550D5S4GH1 (6000MHz, GDDR5, 128bit, VGA/DVI/HDMI)",1,76.92
"Видеокарта 4GB Arktek AMD RX550 AKR550D5S4GH1 (6000MHz, GDDR5, 128bit, VGA/DVI/HDMI)",2,77
"Видеокарта 8GB Arktek AMD RX580 AKR580D5S8GH1 (GDDR5, 256bit, DVI/HDMI/DP)",3,125.13
"Видеокарта 8GB Arktek AMD RX580 AKR580D5S8GH1 (GDDR5, 256bit, DVI/HDMI/DP)",2,136.41
"Видеокарта 8GB Zotac GeForce RTX3050 ECO (14000MHz, GDDR6, 128bit, HDMI/3xDP)",1,258.97
"Видеокарта 8GB Zotac GeForce RTX3050 ECO (14000MHz, GDDR6, 128bit, HDMI/3xDP)",1,258.97
"Видеокарта 8GB Zotac GeForce RTX3050 ECO SOLO (14000MHz, GDDR6, 128bit, HDMI/3xDP)",1,250
"Видеокарта 8GB Zotac GeForce RTX4060 Twin Edge (17000MHz, GDDR6, 128bit, HDMI/3xDP)",1,360
"Видеокарта 8GB Zotac GeForce RTX4060 Twin Edge (17000MHz, GDDR6, 128bit, HDMI/3xDP)",2,360
"Графический планшет WACOM One CTL-472-N (210 x 146 x 8.7 mm, Black, USB)",1,63.08
"Графический планшет WACOM One CTL-672-N (277 x 189 x 8.7 mm, Black, USB)",2,92.49
"Графический планшет WACOM One CTL-672-N (277 x 189 x 8.7 mm, Black, USB)",1,85.9
"Джойстик беспроводной Genesis NJG-0739 PV65 (For PS3/PC, Wireless, USB)",1,27.69
"Джойстик беспроводной Genesis NJG-2102 Mangan 400 (For PC/Console, Wireless, USB, Red)",1,37.44
"Дисковод DVD-RW ASUS DRW-24D5MT/BLK/B/GEN (SATA, 24x/16x, Black)",1,26.15
"Дисковод DVD-RW LG GH24NSD1 (SATA, 24x/16x, Black)",1,24.36
"Дисковод внешний DVD-RW LG GP57EB40 (USB, 24x/8x, Black)",3,35.64
"Дисковод внешний DVD-RW LG GP57EB40 (USB, 24x/8x, Black)",6,32.56
"Дисковод внешний DVD-RW LG GP57ES40 (USB, 24x/24x, Silver)",1,40.26
"Дисковод внешний DVD-RW LG GP60NB60 (USB, 24x/24x, Black)",2,32.31
"Дисковод внешний DVD-RW LG GP60NB60 (USB, 24x/24x, Black)",6,29.79
"Док-станция HDD Ugreen 50857 (2xSATA, USB 3.0)",1,39.49
"Жесткий диск 10TB SATAIII SEAGATE ST10000VN000 NAS IRONWOLF (3.5"", 7200rpm, 256Mb)",2,300
"Жесткий диск 12TB SATAIII SEAGATE ST12000VN0008 NAS IRONWOLF (3.5"", 7200rpm, 256Mb)",4,325.9
"Жесткий диск 1TB Seagate Barracuda ST1000LM048 (2.5"", SATAIII, 5400rpm, 128Mb)",3,65.9
"Жесткий диск 2TB Seagate Original ST2000DM008 (3.5"", SATAIII, 7200rpm, 256Mb)",2,71.79
"Жесткий диск 2TB Seagate Original ST2000DM008 (3.5"", SATAIII, 7200rpm, 256Mb)",6,72.01
"Жесткий диск 2TB Toshiba P300 HDWD220UZSVA (3.5"", SATAIII, 5400rpm, 128Mb)",3,66.5
"Жесткий диск 4TB SATAIII SEAGATE ST4000DM004 (3.5"", SATAIII, 5400rpm, 256MB)",1,117.18
"Жесткий диск 4TB SATAIII WD WD43PURZ, 5400rpm, 256Mb",1,114.62
"Жесткий диск 4TB SATAIII WD WD43PURZ, 5400rpm, 256Mb",2,127.44
"Жесткий диск 8TB SATAIII SEAGATE ST8000VN004 NAS IRONWOLF (3.5"", 7200rpm, 256Mb)",1,225.13
"Жесткий диск внешний 12TB Seagate Expansion STKP12000400 (3.5"", USB 3.1, Black)",2,330
"Жесткий диск внешний 16TB Seagate One Touch Hub STLC16000400 (3.5"", USB 3.0, Black)",4,470.51
"Жесткий диск внешний 1TB Seagate Expansion STKM1000400 (2.5"", USB 3.0, Black)",6,65.08
"Жесткий диск внешний 2TB Seagate Expansion STKM2000400 (2.5"", USB 3.0, Black)",5,90.51
"Жесткий диск внешний 2TB Toshiba Canvio Basics HDTB520EK3AA (2.5"", USB 3.0, Black)",1,87.18
"Жесткий диск внешний 4TB Seagate Expansion STKM4000400 (2.5"", USB 3.0, Black)",2,123.08
"Жесткий диск внешний 4TB Seagate Expansion STKM4000400 (2.5"", USB 3.0, Black)",4,131.03
"Жесткий диск внешний 4TB Seagate Expansion STKP4000400 (3.5"", USB 3.0, Black)",1,131
"Жесткий диск внешний 4TB Seagate Expansion STKP4000400 (3.5"", USB 3.0, Black)",1,131.03
"Жесткий диск внешний 5TB WD Elements Portable (2.5"", USB 3.0)",2,150
"Жесткий диск внешний 5TB WD Elements Portable (2.5"", USB 3.0)",2,162.18
"Жесткий диск внешний 8TB Seagate One Touch Hub STLC8000400 (3.5"", USB 3.0, Black)",1,214
"Жесткий диск внешний 8TB Seagate One Touch Hub STLC8000400 (3.5"", USB 3.0, Black)",1,214.1
"Жесткий диск Внешний корпус для HDD AgeStar SUBCP1 (SATA-3, 2.5"", Black, USB 2.0)",1,7.95
"Жесткий диск внешний корпус для SSD Patriot TXD PV810UPNGM (M.2 NVMe, PCIe3.0, Alluminium, Dark Silver, USB-C)",1,12.82
"Жесткий диск внешний корпус для SSD Patriot TXD PV810UPNGM (M.2 NVMe, PCIe3.0, Alluminium, Dark Silver, USB-C)",4,15.37
"Жесткий диск внешний корпус для SSD Ugreen 90264 (M.2 NVMe, PCIe3.0, Black, USB-C)",1,28.21
ИБП UPS 1000VA APC BV1000I-GR EASY UPS AVR,2,93.33
ИБП UPS 1000VA APC BV1000I-GR EASY UPS AVR,3,79.49
ИБП UPS 1050VA Lightwave LW UPS 1050,3,46.15
ИБП UPS 1200VA APC BX1200MI-GR Back-UPS AVR,2,227.31
ИБП UPS 1500VA CrownMicro CMU-SP1500IEC USB,2,122.95
ИБП UPS 650VA CrownMicro CMU-SP650EURO,1,57.44
ИБП UPS 750VA Lightwave LW UPS 750,4,33.07
ИБП UPS 800VA APC BV800I-GR EASY UPS AVR,1,73.08
ИБП UPS 800VA APC BV800I-GR EASY UPS AVR,2,97.44
ИБП UPS 800VA CrownMicro CMU-SP800EURO LCD,4,67.63
ИБП UPS 800VA CrownMicro CMU-SP800EURO LCD,1,74.62
ИБП UPS 850VA Lightwave LW UPS 850,4,42.95
"Игрушка автомобиль UGO SCOUT URC-1172 (1:16, 25KH/H)",1,25.64
Инструмент Stripping Tool LANBERG NT-0101 UNIVERSAL STRIPPING TOOL FOR UTP STP TELEFON AND DATA CABLE,5,1.54
"Источник питания Buro BP20A (20000mAh, 10W, 2A, 1xUSB-A/1xUSB-C/1xMicro USB, Black)",2,17.18
"Кабель CrownMicro CMPS-01 Power Cord Adapter (IEC to EURO, 16A, 15cm, black)",1,3.1
Кабель LANBERG CA-C13C-11CC-0018-BK POWER CORD CEE 7/7->IEC 320 C13 1.8M VDE BLACK,10,5.9
Кабель LANBERG CA-C5CA-15CC-0018-BK POWER CORD LAPTOP (MIKI) IEC 320 C5 1.8M VDE BLACK,1,3.59
Кабель LANBERG CA-DPHD-11CC-0030-BK DISPLAYPORT(M)->HDMI 3M BLACK,3,7.38
Кабель LANBERG CA-DPHD-11CC-0030-BK DISPLAYPORT(M)->HDMI 3M BLACK,1,6.92
Кабель LANBERG CA-DVID-10CC-0018-BK DVI-D(M)(24+1)->DVI-D(M)(24+1) DUAL LINK 1.8M BLACK,2,6.15
Кабель LANBERG CA-HDMI-11CC-0005-BK HDMI-HDMI V1.4 HIGH SPEED ETHERNET 50CM,2,2.05
Кабель LANBERG CA-HDMI-11CC-0018-BK HDMI-HDMI V1.4 HIGH SPEED ETHERNET 1.8M,2,2.82
Кабель LANBERG CA-HDMI-11CC-0018-BK HDMI-HDMI V1.4 HIGH SPEED ETHERNET 1.8M,5,2.82
Кабель LANBERG CA-HDMI-11CC-0050-BK HDMI-HDMI V1.4 HIGH SPEED ETHERNET 5M,2,4.1
Кабель LANBERG CA-HDMI-20CU-0018-BK HDMI-HDMI V2.0 HIGH SPEED ETHERNET 1.8M,5,3.08
"Кабель LANBERG CA-HDMI-20CU-0018-BL HDMI-HDMI V2.0 HIGH SPEED ETHERNET 1.8M, CU, Premium, Black",5,5.9
"Кабель LANBERG CA-HDMI-20CU-0075-BK HDMI-HDMI V2.0 HIGH SPEED ETHERNET 7.5M, 4K",1,10
"Кабель LANBERG CA-HDMI-21CU-0018-BK HDMI-HDMI V2.0 HIGH SPEED ETHERNET 1.8M, Flat, Black",7,4.68
"Кабель LANBERG CA-MJMJ-10CC-0012-BK MINIJACK 3.5MM M/M 3 PIN BLACK, 1.2M",9,0.77
Кабель LANBERG CA-SASA-10CU-0050-R SATA III (6GB/S) 50CM,10,0.77
Кабель LANBERG CA-USBA-11CC-0018-BK USB 2.0 AM-BM FERRITE BLACK 1.8M,297,1.16
Кабель LANBERG CA-USBA-11CC-0018-BK USB 2.0 AM-BM FERRITE BLACK 1.8M,24,1.42
Кабель LANBERG CA-USBA-11CC-0050-BK USB 2.0 AM-BM FERRYT BLACK 5M,10,1.79
Кабель LANBERG CA-USBA-11CC-0050-BK USB 2.0 AM-BM FERRYT BLACK 5M,3,3.03
Кабель LANBERG CA-USBA-12CC-0018-TR USB 2.0 AM-BM FERRITE BLACK 1.8M,15,1.28
Кабель LANBERG CA-USBM-10CC-0010-W USB 2.0 MICRO AM-MBM5P WHITE 1M,3,1.03
Кабель LANBERG CA-USBM-10CC-0018-BK USB 2.0 MICRO AM-MBM5P BLACK 1.8M,2,1.54
"Кабель LANBERG LCU5-10CC-0305-S UTP SOLID GRAY CABLE, CCA, CAT. 5E 305M",1,52.05
"Кабель LANBERG LCU5-10CC-0305-S UTP SOLID GRAY CABLE, CCA, CAT. 5E 305M",5,52.01
Кабель LANBERG OEM-0011 HDMI-HDMI V1.4 HIGH SPEED ETHERNET 4.5M BLAСK,2,2.5
Кабель LANBERG PCU5-10CC-0100-BK UTP PATCHCORD CAT5E 1.0M BLACK,1,1.03
Кабель LANBERG PCU5-10CC-0100-Y UTP PATCHCORD CAT.5E 1.0M YELLOW,14,1.13
Кабель LANBERG PCU5-10CC-0200-BK UTP PATCHCORD CAT5E 2.0M BLACK,5,1.28
Кабель LANBERG PCU5-10CC-0300-G UTP PATCHCORD CAT.5E 3.0M GREEN,11,1.97
Кабель LANBERG PCU5-10CC-0300-S UTP PATCHCORD CAT5E 3.0M SILVER,3,2.05
Кабель LANBERG PCU5-10CC-0300-S UTP PATCHCORD CAT5E 3.0M SILVER,5,1.28
Кабель LANBERG PCU5-10CC-0500-BK UTP PATCHCORD CAT5E 5.0M BLACK,5,1.79
Кабель LANBERG PCU5-10CC-1000-BK UTP PATCHCORD CAT5E 10M BLACK,1,3.33
Кабель LANBERG PCU5-10CC-1000-G UTP PATCHCORD CAT5E 10M GREEN,2,4.23
Кабель LANBERG PCU5-10CC-2000-BK UTP PATCHCORD CAT5E 20M BLACK,1,6.92
Кабель LANBERG PCU5-20CC-0050-BK UTP PATCHCORD CAT5E 0.5M BLACK,34,0.5
Кабель Lightwave LW CAT6 UTP 305m,7,39.21
"Кабель Ugreen 10306 (USB-C(M) to USB-C(M), 2m, Black)",1,5.64
"Кабель Ugreen 10355 (USB 2.0 A(M) to Mini USB(M), 1m, Black)",1,7.44
"Кабель Ugreen 15384 DP-DP V2.0 (16K@30Hz, 8K@240Hz, 2m, Black)",2,17.95
"Кабель Ugreen 50570 (USB-C (M) to HDMI (M), Thunderbolt, 1.5m, Grey/Black)",1,23.33
"Кабель Ugreen 50997 (USB-C(M) to USB-C(M), 1m, 60W, Black)",1,5.13
"Кабель Ugreen 60137 (USB-A(M) to Micro USB(M), 1.5m, 18W, Black)",1,3.59
"Кабель Ugreen 80392 DP-DP V1.4 (FHD240Hz, 2K165Hz, 4K144Hz, 8K60Hz, 2m, Black)",1,10.26
"Кабель Ugreen 80394 DP-DP V1.4 (FHD240Hz, 2K165Hz, 4K144Hz, 8K60Hz, 5m, Black)",1,11.54
"Кабель питания для ноутбука (Power Cord for Laptop, Schuko-C5, 1.8m, Black)",1,2.82
Карта памяти Micro SD Card PATRIOT 128GB PSF128GMDC10 LX Series UHS-I (Class 10),5,9.74
Карта памяти Micro SD Card PATRIOT 32GB PSF32GMCSDHC10 (Class 10),3,3.85
Карта памяти Micro SD Card PATRIOT 32GB PSF32GMDC10 LX Series UHS-I (Class 10),18,3.62
Карта памяти Micro SD Card PATRIOT 512GB PEF512GEP31MCX EP SDXC V30 (Class 10),2,34.62
Карта памяти Micro SD Card PATRIOT 64GB PEF64GEP31MCX EP SDXC V30 (Class 10),4,4
Карта памяти Micro SD Card PATRIOT 64GB PEF64GEP31MCX EP SDXC V30 (Class 10),5,4.1
Карта памяти Micro SD Card PATRIOT 64GB PSF64GMDC10 LX Series UHS-I (Class 10),16,4.04
Карта памяти Micro SD Card PATRIOT 64GB PSF64GMDC10 LX Series UHS-I (Class 10),5,4.1
Карта памяти Micro SD Samsung EVO Plus 64GB MB-MC64KA/EU (Class 10),1,13.85
"Карта памяти Micro SD Samsung EVO Plus 64GB MB-MC64SA/EU (w/Adapter, Class 10)",1,13.85
"Карта памяти SD Card Kingston 128GB Canvas Select Plus (SDXC, UHS-I, Class 10 + Adapter)",1,11.3
"Карта памяти SD Card Kingston 256GB Canvas Select Plus (SDXC, UHS-I, Class 10)",1,25.9
"Карт-ридер Ugreen 45167 (2xUSB 3.0, TF/SD/MS, Black)",1,10.77
Клавиатура CrownMicro CMK-157T (USB),10,4.87
Клавиатура CrownMicro CMK-F02B (USB),17,4.36
"Клавиатура Genesis NKG-1877 THOR 303 RGB, Backlight, Mechanical, Gaming (USB, US Layout)",2,58.72
"Клавиатура Genesis NKG-2081 THOR 230 TKL RGB, Backlight, Mechanical, Gaming (USB, US Layout)",2,46.15
"Клавиатура Logitech K120, (USB, Black)",5,10.24
"Клавиатура Logitech K120, (USB, Black)",20,9.74
"Клавиатура Logitech K280E, (USB, Black)",2,28.21
"Клавиатура Oklick 305M (White, Multimedia, USB)",1,8.46
"Клавиатура SVEN KB-G9300 (Gaming, RGB, 20xFn keys)",1,30
"Клавиатура SVEN Standard 301 (USB, Black)",5,5.38
"Клавиатура SVEN Standard 301 (USB, Black)",5,4.87
"Клавиатура беспроводная Logitech K580 Multi-Device (2.4GHz/Bluetooth, USB, Graphite, US/Arabic Layout)",2,52.05
Клавиатура беспроводная Oklick 880S (USB),1,10
"Клавиатура беспроводная Oklick K225W (White, Multimedia, USB)",1,10
"Клавиатура+Мышь Genius SlimStar C126 (Black, USB)",5,11.79
"Клавиатура+Мышь Genius Smart KM-200 (Black, USB)",3,14.62
"Клавиатура+Мышь беспроводные Genius Smart KM-8101 (USB, black)",3,18.97
"Клавиатура+Мышь беспроводные Genius Smart KM-8101 (USB, black)",1,21.28
"Клавиатура+Мышь беспроводные Logitech MK270 (US Layout, USB)",6,24.83
Клавиатура+Мышь беспроводные Logitech MK270 (USB),2,30.77
"Коврик для мыши CrownMicro CMGMP-01 (350x250x4, RGB, USB)",2,10.26
"Коврик для мыши Fury NFU-1930 CHALLENGER XXL, Gaming (800x400mm, Black)",1,10.26
"Коврик для мыши Genesis NPG-0659 CARBON 500 L LOGO, Gaming (400x330mm)",2,10.26
Коврик для мыши Genesis NPG-1932 POLON 200 XL (500x400mm),3,9.74
"Коврик для мыши Natec NPO-2085 Colors series (Obsidian Black, 300x250mm)",2,4.1
Колонки CrownMicro 2.0 CMS-601 (6W),10,6.41
"Колонки Genesis NCS-1408 HELIUM 610 2.1 Gaming (Bluetooth, 60W)",1,100
Колонки Genius SP-HF180 Black,1,9.74
Колонки Genius SP-HF280 Wood,2,10.51
"Колонки Logitech 2.0 Z150 (Black, USB)",1,39.74
"Колонки SVEN 130 (2.0, 2x3W, USB, Black)",27,7.22
"Колонки SVEN 135 (2.0, 2x3W, USB, Black)",1,9.49
"Колонки SVEN 135 (2.0, 2x3W, USB, Black)",2,7.69
"Колонки SVEN 312 (2.0, 2x2W, USB, Black)",1,10.77
Коммуникатор 24port 10/100 TP-Link TL-SF1024D,2,46.92
Коммуникатор 24port 10/100/1000 TP-Link TL-SG1024D,1,118.46
Коммуникатор 5port 10/100 TP-Link LS1005,1,7.95
Коммуникатор 8port 10/100 TP-Link TL-SF1008D (Plastic),1,17.18
Коммуникатор Lightwave LW-HUB-A104-4 (USB Type-A to 4xUSB 2.0 Type-A),1,4.62
"Коннектор LANBERG PLS-5000 FTP, CAT5E, RJ-45 PLUG 8P8C (100PCS)",1,10.26
Корпус MidiTower Coolermaster MasterBox TD300 Mesh w/o black (MidiATX),1,98.46
"Корпус MidiTower CoolMate Gaming SX-8025 Black (600W, 1xUSB 3.0, 3xUSB 2.0)",6,23.08
Корпус MidiTower Cougar AirFace Pro RGB w/o black (MidiATX),5,116.56
Корпус MidiTower Cougar AirFace RGB w/o black (MidiATX),1,85.64
Корпус MidiTower Cougar FV150 RGB w/o black (MidiATX),2,110.9
Корпус MidiTower Cougar FV150 RGB w/o black (MidiATX),1,98.72
Корпус MidiTower Deepcool CC560 Limited V2 (MidiATX),1,44.1
Корпус MidiTower Deepcool CC560 Limited V2 (MidiATX),1,53.08
Корпус MidiTower Deepcool CH370 (mATX),1,76.41
Корпус MidiTower Genesis NPC-1517 IRID 505 V2 Window w/o Black (MidiATX),1,68.5
Корпус MidiTower Genesis NPC-1518 IRID 505 V2 ARGB Window w/o Black (MidiATX),2,103.33
Корпус MidiTower Thermal Master C708 Black (600W),1,30
Корпус MidiTower Thermal Master C708 Black (600W),13,29.9
Корпус MidiTower ThermalTake Divider 300 TG w/o black (MidiATX),1,125.64
Корпус MidiTower ThermalTake Versa H13 w/o black (MidiATX),1,54.62
Корпус MidiTower ThermalTake Versa H24 black (MidiATX),1,58.97
Корпус MiniTower Cougar Uniface Mini RGB w/o black (MidiATX),1,70.77
Крепёж Logitech Mounting Kit for Rally Video Conferencing System (939-001644),1,239.23
Кресло игровое Fury NFF-1710 AVENGER M+ Black/White,1,145.64
Кронштейн для проектора Holder PR-103-W (White),2,15.9
Кронштейн для проектора Holder PR-104-W (White),1,28.97
Кулер Arctic Alpine 17 CO (S-1700),28,10.03
Кулер Arctic Alpine 17 CO (S-1700),2,11.03
"Кулер Crown CM-5 (Universal socket INTEL/AMD, Copper tubes, TDP up to 187w)",1,20.77
"Кулер Deepcool AG200 (Universal socket INTEL/AMD, R-AG200-BKNNMN-G)",1,15.38
"Кулер Deepcool ARCHER BIGPRO (Universal socket INTEL/AMD, 125W, ARCHER.BIGPRO)",1,14.87
"Кулер ID-Cooling Frozn A610 Black (Universal socket INTEL/AMD, PWM, TDP up to 250w)",9,35.13
"Кулер ID-Cooling Frozn A610 Black (Universal socket INTEL/AMD, PWM, TDP up to 250w)",1,39.74
"Кулер ID-Cooling Frozn A620 Black (Universal socket INTEL/AMD, PWM, TDP up to 270w)",7,46.41
"Кулер ID-Cooling Frozn A620 Black (Universal socket INTEL/AMD, PWM, TDP up to 270w)",1,52.82
"Кулер ID-Cooling SE-206-XT (Universal socket INTEL/AMD, PWM, TDP up to 250w)",9,36.32
"Кулер ID-Cooling SE-206-XT (Universal socket INTEL/AMD, PWM, TDP up to 250w)",1,34.62
"Кулер ID-Cooling SE-207-XT ARGB (Universal socket INTEL/AMD, PWM, TDP up to 280w)",1,50.26
"Кулер ID-Cooling SE-224-XTS ARGB (Universal socket INTEL/AMD, PWM, TDP up to 220w)",1,24.1
"Кулер ID-Cooling SE-224-XTS ARGB (Universal socket INTEL/AMD, PWM, TDP up to 220w)",1,30.26
"Кулер ID-Cooling SE-226-XT BLACK (Universal socket INTEL/AMD, PWM, TDP up to 250w)",1,45.64
"Кулер ID-Cooling SE-903-SD V3 (Universal socket INTEL/AMD, TDP up to 130w)",5,11.28
"Кулер ID-Cooling SE-903-SD V3 (Universal socket INTEL/AMD, TDP up to 130w)",2,11.15
"Кулер ID-Cooling SE-903-XT (Universal socket INTEL/AMD, PWM, TDP up to 130w)",1,13.33
"Кулер ID-Cooling SE-903-XT (Universal socket INTEL/AMD, PWM, TDP up to 130w)",1,13.33
"Кулер вентилятор для корпуса CrownMicro CMCF-12025S-1210 (120x120x25, 1500rpm, 35CFM, 20Db, RED Backlight)",3,3.08
"Кулер вентилятор для корпуса CrownMicro CMCF-14025S-1400 (140x140x25, 800-1300rpm, 56CFM, 27Db)",1,3.08
"Кулер вентилятор для корпуса CrownMicro CMCF-14025S-1400 (140x140x25, 800-1300rpm, 56CFM, 27Db)",3,3.33
"Кулер вентилятор для корпуса CrownMicro CMCF-8025S-800 (80x80x25, 2000rpm, 40CFM, 28Db)",2,1.54
"Кулер вентилятор для корпуса Genesis NGF-2043 Oxal 120 3-Pack (120mm, 1300rpm, 46.1CFM, 22.1Db)",9,12.65
"Кулер вентилятор для корпуса ID-Cooling AS-120-ARGB-K TRIO 3-Pack (120x120x25mm, 300-2000rpm, 58CFM, 27.2Db)",2,14.87
"Кулер для ноутбука CrownMicro CMLC-1101 (up to 17"", Blue backlight, 2xCooler)",1,10.77
"Кулер для ноутбука CrownMicro CMLS-130 (up to 19"", Red backlight, 1xCooler)",1,19.74
"Кулер для ноутбука CrownMicro CMLS-133 (up to 19"", Orange backlight, 1xCooler)",1,15.38
"Кулер для ноутбука CrownMicro CMLS-400 (up to 17"", 1xCooler)",1,6.15
"Кулер для ноутбука Genesis NHG-1858 OXID 850 RGB (up to 17.3"", LED Light, 5xCooler)",1,33.59
"Кулер для ноутбука Genesis NHG-2075 OXID 260 (up to 17.3"", LED Light, 2xUSB, 4xCooler)",1,20.51
"Кулер система жидкостного охлаждения Arctic Liquid Freezer III 420 A-RGB Black  (Universal socket INTEL, PWM)",1,130.51
"Кулер система жидкостного охлаждения Arctic Liquid Freezer III Pro 360 Black (Universal socket INTEL, PWM)",5,123.59
Кулер система жидкостного охлаждения Cougar Poseidon Elite ARGB 360 Black (INTEL/AMD),1,95.9
Кулер система жидкостного охлаждения Deepcool LT720 (INTEL/AMD),1,166.67
"Кулер система жидкостного охлаждения Thermaltake TH420 ARGB Sync  (Universal socket INTEL, PWM)",1,146.92
"Кулер/Столик для ноутбука CrownMicro CMLS-100 (up to 17"", 2xCooler, adjustable height, Silver)",1,32.82
"Кулер/Столик для ноутбука CrownMicro CMLS-115B (up to 17"", 2xCooler, adjustable height)",1,18.97
"Кулер/Столик для ноутбука CrownMicro CMLS-116G (up to 17"", 2xCooler, adjustable height)",1,23.08
"Мат. плата Arktek H81 AK-H81M EL (S-1150, H81, VGA, HDMI, PCI-E, 2DDR3, PCI, SATA3, GbLAN)",1,48
"Мат. плата ASUS PRIME A520M-K (S-AM4, A520, VGA, HDMI, 3xPCI-E, 2DDR4, SATAIII RAID, PCI, SATA3, GbLAN)",1,74.87
"Мат. плата ASUS PRIME B660M-K D4 (S-1700, B660, VGA, HDMI, 3xPCI-E, 2xDDR4, 2xM.2, SATAIII RAID, PCI, SATA3, GbLAN)",1,108.97
"Мат. плата ASUS PRIME B760M-A D4-CSM (S-1700, B760, 2xHDMI, DP, 3xPCI-E, 4xDDR4, 2xM.2, SATAIII, PCI, SATA3, GbLAN)",3,120.51
"Мат. плата ASUS PRIME B760M-K (S-1700, B760, VGA, HDMI, 2xPCI-E, 2xDDR5, 2xM.2, SATAIII RAID, PCI, SATA3, GbLAN)",8,119.16
"Мат. плата ASUS PRIME H610M-R D4-SI (S-1700, H610, VGA, HDMI, PCI-E, 2DDR4, M.2, PCI, SATA3, GbLAN)",2,76.92
"Мат. плата ASUS PRIME H610M-R D4-SI (S-1700, H610, VGA, HDMI, PCI-E, 2DDR4, M.2, PCI, SATA3, GbLAN)",4,81.41
"Мат. плата ASUS PRIME H770-PLUS D4 (S-1700, H770, HDMI, DP, 5xPCI-E, 4DDR5, 3xM.2, 4xSATA3, GbLAN)",1,206.92
"Мат. плата ASUS PRIME X870-P WIFI (S-AM5, X870, HDMI, 1xPCI-E 5.0, 3xPCI-E 4.0, 4xDDR5, SATAIII RAID, PCI, SATA3, BT5.4, 2.5GbL",2,300
"Мат. плата ASUS PRIME Z790M-PLUS (S-1700, Z790, HDMI, DP, 4xPCI-E, 4DDR5, 3xM.2, SATA3, GbLAN)",1,215.38
"Мат. плата ASUS PRIME Z790M-PLUS (S-1700, Z790, HDMI, DP, 4xPCI-E, 4DDR5, 3xM.2, SATA3, GbLAN)",5,223.74
"Мат. плата ASUS PRIME Z790M-PLUS (S-1700, Z790, HDMI, DP, 4xPCI-E, 4DDR5, 3xM.2, SATA3, GbLAN)",2,205.9
"Мат. плата ASUS PRIME Z790M-PLUS (S-1700, Z790, HDMI, DP, 4xPCI-E, 4DDR5, 3xM.2, SATA3, GbLAN)",1,200
"Мат. плата ASUS PRIME Z790-P WIFI (S-1700, Z790, HDMI, DP, 5xPCI-E, 4DDR5, 3xM.2, SATA3, GbLAN)",1,262.56
"Мат. плата ASUS PRIME Z790-P WIFI (S-1700, Z790, HDMI, DP, 5xPCI-E, 4DDR5, 3xM.2, SATA3, GbLAN)",1,228.97
"Мат. плата Gigabyte A520M-K V2 (S-AM4, A520, VGA, DVI, HDMI, 3xPCI-E, 2DDR4, SATAIII RAID, M.2, PCI, SATA3, GbLAN)",1,66.67
"Мат. плата Gigabyte B550M DS3H (S-AM4, B550, DVI, HDMI, DP, 3xPCI-E, 4xDDR4, 2xM.2, SATAIII RAID, PCI, SATA3, GbLAN)",1,133.59
"Мат. плата Gigabyte B850M D3HP (S-AM5, B850, HDMI/2xDP, 2xPCI-E, 4DDR5, 2xM.2, GbLAN)",2,193.33
"Мат. плата Gigabyte B850M DS3H (S-AM5, B850, HDMI/2xDP, 2xPCI-E, 4DDR5, 2xM.2, GbLAN)",1,246
"Мат. плата MSI PRO H610M-E DDR4 (S-1700, H610, VGA, HDMI, 2PCI-E, 2DDR4, SATA3, GbLAN)",1,81.03
"Мат. плата MSI PRO H610M-E DDR4 (S-1700, H610, VGA, HDMI, 2PCI-E, 2DDR4, SATA3, GbLAN)",1,75.9
Микрофон Genesis NGM-1377 Radium 400 Studio USB Arm Popfilter (USB),1,55.9
"Модуль памяти DIMM 16GB DDR4 Kingston KVR32N22S8/16 (3200MHz, 1.2v)",1,50
Модуль памяти DIMM 16GB DDR4 PATRIOT PSD416G32002 (3200MHz),10,48.29
Модуль памяти DIMM 16GB DDR4 PATRIOT VIPER Elite II PVE2416G400C0 (4000MHz),2,55.38
Модуль памяти DIMM 16GB DDR4 PATRIOT VIPER Elite II PVE2416G400C0 (4000MHz),2,55.38
Модуль памяти DIMM 16GB DDR5 PATRIOT PSD516G560081 (5600MHz),1,51.79
"Модуль памяти DIMM 32GB DDR4 CRUCIAL CT32G4DFD832A (3200MHz, 1.2v)",5,116.41
"Модуль памяти DIMM 32GB DDR4 Hynix HMAA4GU6MJR8N-VKN0 (3200MHz, 1.2v)",1,85.13
Модуль памяти DIMM 32GB DDR4 PATRIOT VIPER Steel PVS432G360C8 (3600MHz),1,113.08
"Модуль памяти DIMM 32GB DDR4 PATRIOT VIPER Steel PVS432G360C8K (2x16GB, 3600MHz)",2,117.69
Модуль памяти DIMM 32GB DDR4 Samsung M378A4G43AB2-CWE (3200MHz),4,101.03
"Модуль памяти DIMM 32GB DDR5 Crucial CT2K16G56C46U5 (2x16GB, 5600MHz)",1,111.28
Модуль памяти DIMM 32GB DDR5 Crucial CT32G48C40U5 (4800MHz),2,120.51
"Модуль памяти DIMM 32GB DDR5 Kingston FURY Beast KF556C40BBK2-32 (2x16GB, 5600MHz)",2,118.97
Модуль памяти DIMM 32GB DDR5 Kingston Fury Beast KF560C30BBEK2-32 (6000MHz),1,164.36
"Модуль памяти DIMM 32GB DDR5 PATRIOT PSD532G4800K (2x16GB, 4800MHz)",1,89.49
"Модуль памяти DIMM 4GB DDR3 PATRIOT PSD34G160081 (PC12800, 1600MHz)",15,8.03
"Модуль памяти DIMM 4GB DDR3 PATRIOT PSD34G160081 (PC12800, 1600MHz)",1,9.23
"Модуль памяти DIMM 4GB DDR4 PATRIOT PSD44G266681 (PC21330, 2666MHz)",4,12.31
"Модуль памяти DIMM 4GB DDR4 PATRIOT PSD44G266681 (PC21330, 2666MHz)",2,13.59
"Модуль памяти DIMM 64GB DDR4 PATRIOT VIPER Steel PVS464G320C6K (2x32GB, 3200MHz)",1,177
"Модуль памяти DIMM 64GB DDR5 Kingston FURY Beast KF556C40BBK2-64 (2x32GB, 5600MHz)",4,223.08
"Модуль памяти DIMM 64GB DDR5 Kingston FURY Beast RGB KF560C36BBEAK2-64 (2x32GB, 6000MHz)",1,302.56
"Модуль памяти DIMM 8GB DDR3 PATRIOT PSD38G16002 (PC12800, 1600MHz)",32,11.59
"Модуль памяти DIMM 8GB DDR3 PATRIOT PSD38G16002 (PC12800, 1600MHz)",8,12.56
"Модуль памяти DIMM 8GB DDR4 CRUCIAL CT8G4DFRA32A (3200MHz, 1.2v)",10,25.13
"Модуль памяти DIMM 8GB DDR4 Kingston KVR32N22S8/8 (3200MHz, 1.2v)",1,25.38
Модуль памяти DIMM 8GB DDR4 PATRIOT PSD48G32002 (3200MHz),6,28.63
Модуль памяти DIMM 8GB DDR4 PATRIOT PSD48G32002 (3200MHz),24,25.42
Модуль памяти DIMM 8GB DDR4 PATRIOT PSD48G320081 (3200MHz),2,23.08
Модуль памяти DIMM 8GB DDR4 PATRIOT PSD48G320081 (3200MHz),1,23.08
"Модуль памяти DIMM 8GB DDR4 Samsung M378A1K43EB2-CWE (3200MHz, 1.2v)",2,31.54
Модуль памяти SODIMM 16GB DDR4 PATRIOT PSD416G320081S (3200MHz),5,45.1
Модуль памяти SODIMM 16GB DDR4 PATRIOT PSD416G320081S (3200MHz),1,45.13
Модуль памяти SODIMM 16GB DDR4 Samsung M471A2K43EB1-CWE (3200MHz),2,50
Модуль памяти SODIMM 16GB DDR4 Samsung M471A2K43EB1-CWE (3200MHz),1,55.9
Модуль памяти SODIMM 16GB DDR5 PATRIOT PSD516G480081S (4800MHz),10,48.21
Модуль памяти SODIMM 32GB DDR4 PATRIOT PSD432G32002S (3200MHz),2,99.23
Модуль памяти SODIMM 32GB DDR4 PATRIOT PSD432G32002S (3200MHz),1,111.54
Модуль памяти SODIMM 32GB DDR5 PATRIOT PSD532G48002S (4800MHz),2,98.21
"Модуль памяти SODIMM 4GB DDR3 PATRIOT PSD34G16002S (1600MHz, 1.5V)",1,8.72
"Модуль памяти SODIMM 8GB DDR3 PATRIOT PSD38G16002S (PC12800, 1600MHz)",3,12.22
"Модуль памяти SODIMM 8GB DDR3 PATRIOT PSD38G1600L2S SL (1600MHz, 1.35V)",2,11.79
Модуль памяти SODIMM 8GB DDR4 PATRIOT PSD48G320081S (3200MHz),4,26.11
Модуль памяти SODIMM 8GB DDR4 PATRIOT PSD48G320081S (3200MHz),2,25.64
"Монитор LED 24"" AOC 24B20JH2 (FHD IPS, 100Hz, 1ms, VGA/HDMI)",2,103.08
"Монитор LED 24"" Dell P2423 (FHD, IPS, 8ms, 16:10, HDMI/DP/DVI/VGA/USB 3.2 Gen 1 hub, Black/Silver)",2,225
"Монитор LED 24"" Dell P2425H (Full HD, IPS, 100Hz, 5ms, HDMI/VGA/DP/USB-C)",1,209.49
"Монитор LED 24"" LG 24BN550Y-B (IPS, 1920x1080, 5000000:1, 5ms, DVI/HDMI)",1,150
"Монитор LED 24"" LG 24M38A-B (FHD, 5ms, VGA)",1,84.1
"Монитор LED 24"" LG 24M38A-B (FHD, 5ms, VGA)",1,80
"Монитор LED 24"" LG 24MR400 (FHD IPS, 100Hz, 5ms, sRGB 99%, AMD FreeSync, VGA/HDMI)",2,108.72
"Монитор LED 24"" LG 24MR400 (FHD IPS, 100Hz, 5ms, sRGB 99%, AMD FreeSync, VGA/HDMI)",4,113.14
"Монитор LED 24"" Samsung LS24C310EAEXXS (IPS, Full HD, 5ms, 75Hz, AMD FreeSync, VGA/HDMI, Black)",1,111.03
"Монитор LED 27"" AOC 27B2DA (IPS, 4ms, VGA/DVI/HDMI, Black)",2,176.92
"Монитор LED 27"" AOC Gaming 27G2SAE/BK (VA, 1920x1080, 165Hz, 80000000:1, 1ms, 2xHDMI/DP, Speakers)",1,208.97
"Монитор LED 27"" AOC Gaming 27G2SAE/BK (VA, 1920x1080, 165Hz, 80000000:1, 1ms, 2xHDMI/DP, Speakers)",2,219.74
"Монитор LED 27"" AOC Gaming CQ27G2S/BK (2K VA Curved, 2560x1440, 165Hz, 4000:1, 4ms, HDR10, 2xHDMI/DP)",2,261.79
"Монитор LED 27"" AOC Gaming Q27G2E/BK (2K VA, 2560x1440, 155hz, 3000:1, 1ms, 2HDMI//DP, Black/Red)",1,252.31
"Монитор LED 27"" AOC Gaming Q27G2U/BK (2K VA, 2560x1440, 155hz, 3000:1, 1ms, 2HDMI//DP/4xUSB, Black/Red)",1,294.87
"Монитор LED 27"" Dell P2722H (27"", IPS, 8ms, VGA/HDMI/DP/USB, Black)",4,207.56
"Монитор LED 27"" HP E27 G5 (FHD IPS, 75Hz, 5ms, HDMI/DP/USB, HAS Pivot, Black)",1,204
"Монитор LED 27"" HP P27h G5 (FHD IPS, 75Hz, 5ms, VGA/HDMI/DP, Black)",5,164.1
"Монитор LED 27"" LG 27BN65YP-B (IPS, 1920x1080, 5000000:1, 5ms, DVI/HDMI/DP/USB, Pivot, Speaker)",1,210.26
"Монитор LED 27"" LG 27MR400-B (FHD IPS, 100Hz, 5ms, sRGB 99%, AMD FreeSync, VGA/HDMI)",4,121.79
"Монитор LED 27"" LG 27MR400-B (FHD IPS, 100Hz, 5ms, sRGB 99%, AMD FreeSync, VGA/HDMI)",4,130.9
"Монитор LED 27"" LG 27UP850K-W (4K IPS, 3840x2160, 1200:1, 5ms, HDR10, 2xHDMI/DP, USB-C, Speakers, White)",5,406.1
"Монитор LED 27"" Philips 271V8B (IPS, 16:9, 1920x1080, 100Hz, 1300:1, 4ms, VGA/HDMI)",1,127.44
"Монитор LED 27"" Samsung Odyssey G5 Gaming G55C S27CG554EU (2K VA Curved, 2560x1440, 165Hz, 1000:1, 1ms, FreeSync Premium, HDR10",1,251.54
"Монитор LED 27"" Samsung Odyssey G5 Gaming G55C S27CG554EU (2K VA Curved, 2560x1440, 165Hz, 1000:1, 1ms, FreeSync Premium, HDR10",1,270.77
"Монитор LED 27"" Samsung ViewFinity S7 S70D LS27D700EAU (4K IPS, 3480x2160, 1000:1, 5ms, HDR10, HDMI/DP)",1,261.03
"Монитор LED 32"" ASUS PA329CV (IPS, 3840x2160 UHD, 60Hz, HDR 400, 5000000:1, 5ms, 2xHDMI/DP/USB-C, Speakers)",3,1015.38
"Монитор LED 32"" LG 32UP55NP-W (4K VA, 3840x2160, 3000:1, 4ms, HDR10, 2xHDMI/DP/USB-C, Speakers, White)",3,431.03
"Монитор LED 32"" LG 32UP55NP-W (4K VA, 3840x2160, 3000:1, 4ms, HDR10, 2xHDMI/DP/USB-C, Speakers, White)",1,431.03
"Моноблок Acer Aspire C24-1300 23.8"" (IPS FHD, Ryzen 5 7520U, 8GB DDR4, 512GB SSD, Radeon 610M Graphics, Black)",1,519.5
"Моноблок Intel NUC Wallstreet RNUC12WSKl500002I (Core i5-1240P, 2xSODIMM DDR4, M.2 NVMe, DP/HDMI, GbLAN, WiFi+BT, 7.1 Sound, EU",3,510
"Мышь CrownMicro CMGM-902, Gaming (6xButtons, 7200dpi, 1000Hz, Backlight, USB)",1,13.08
"Мышь CrownMicro CMM-128 (3button, 1000dpi, 1.8m, Black, USB)",100,1.28
"Мышь Fury NFU-1198 Brawler Gaming (1600DPI, USB, Optical)",1,3.85
"Мышь Fury NFU-1698 Hustler Gaming (6400DPI, RGB, USB, Optical)",1,15.13
"Мышь Genesis NMG-1162 XENON 750, Gaming (10200Dpi, RGB, USB)",1,35.38
"Мышь Genesis NMG-1321 ZIRCON 330, Gaming (USB)",1,19.23
"Мышь Genesis NMG-1640 Krypton 510 Gaming (7200DPI, USB, Optical)",1,18.72
"Мышь Genesis NMG-1680 KRYPTON 550, Gaming, Black, RGB (8000DPI, USB)",1,14.87
"Мышь Genesis NMG-1713 KRYPTON 200, Gaming (6400Dpi, RGB, USB)",1,12.05
"Мышь Genesis NMG-1770 KRYPTON 220, Gaming (6400Dpi, RGB, USB)",6,16.15
"Мышь Genesis NMG-1770 KRYPTON 220, Gaming (6400Dpi, RGB, USB)",3,15.64
"Мышь Genesis NMG-2113 Zircon 500 Gaming (10000DPI, USB)",1,25.9
"Мышь Genius NetScroll 100 V2 (USB, Black)",1,6.15
Мышь Genius Xscroll V3 (USB),1,5.13
"Мышь Logitech G102 LIGHTSYNC (5 Button, 8000dpi, Gaming, USB, Black)",1,27.95
"Мышь Logitech G102 LIGHTSYNC (5 Button, 8000dpi, Gaming, USB, Black)",3,25.13
"Мышь Logitech G502 HERO (Gaming, USB, Black)",1,59.74
"Мышь Logitech M500s Advanced (Laser, USB, Black)",9,27.18
"Мышь Logitech M90 (USB, Black/Dark Gray)",35,5.2
"Мышь Logitech M90 (USB, Black/Dark Gray)",11,6.2
"Мышь MSI Clutch GM08, Gaming (4200dpi, Black, USB)",2,20.26
"Мышь Razer DeathAdder Essential (5button, 6400dpi, Black, USB)",1,34.1
"Мышь Razer DeathAdder Essential (Gaming, USB, Black)",2,27.31
"Мышь SVEN RX-112 (USB, Black)",6,2.5
"Мышь SVEN RX-112 (USB, Black)",7,2.45
"Мышь SVEN RX-30 (USB, Black)",227,1.79
"Мышь SVEN RX-30 (USB, Black)",14,2
"Мышь SVEN RX-70 Gaming (1200DPI, RGB, 1.5m, Black)",5,3.1
"Мышь SVEN RX-90 (1000 DPI, USB, Black)",25,2.31
"Мышь SVEN RX-G815 Gaming (6+1 keys, 8000DPI, SoftTouch, RGB)",1,12.31
"Мышь беспроводная CrownMicro CMM-930W (USB, Black)",12,4.49
"Мышь беспроводная Genesis NMG-2192 ZIRCON 660, Gaming (12000DPI, USB, White)",1,35.13
"Мышь беспроводная Genius Ergo 8200S (USB, Gray)",5,11.28
"Мышь беспроводная Logitech G502 Lightspeed (Gaming, USB, Black)",1,117.69
"Мышь беспроводная Logitech M171 (USB, Black)",17,12.22
"Мышь беспроводная Logitech M171 (USB, Black)",55,10.42
"Мышь беспроводная Logitech M185 (USB, Swift Gray)",1,13.85
"Мышь беспроводная Logitech M190 (USB, Grey)",1,14.1
"Мышь беспроводная Logitech M190 (USB, Grey)",3,12.82
"Мышь беспроводная Logitech M220 Silent (USB, Dark/Gray)",2,18.59
"Мышь беспроводная Logitech M235 (USB, Black/Gray)",3,31.54
"Мышь беспроводная Logitech M510 (USB, Black)",1,40.51
"Мышь беспроводная Logitech Signature M650 (USB, Graphite)",1,34.62
Мышь беспроводная Philips SPK7307B/00,19,9.35
Мышь беспроводная Philips SPK7307B/00,5,9.49
"Накопитель SSD 120GB PATRIOT PBE120GS25SSDR (2.5"", SATA3, TLC 3D, 450/320Mbps)",67,12.32
"Накопитель SSD 120GB PATRIOT PBE120GS25SSDR (2.5"", SATA3, TLC 3D, 450/320Mbps)",11,12.58
"Накопитель SSD 128GB PATRIOT P220S128G25 P220 (2.5"", SATA3, TLC 3D, 550/480Mbps)",6,13.81
"Накопитель SSD 128GB PATRIOT P220S128G25 P220 (2.5"", SATA3, TLC 3D, 550/480Mbps)",5,13.59
"Накопитель SSD 1TB Crucial BX500 2.5"", SATA3, 3D, 540/500Mbps)",1,76.41
"Накопитель SSD 1TB PATRIOT P220S1TB25 P220 (2.5"", SATA3, TLC 3D, 550/500Mbps)",3,62.48
"Накопитель SSD 1TB SAMSUNG EVO 870 MZ-77E1T0B/EU (2.5"", SATA3, TLC 3D, 560/530Mbps)",1,114.62
"Накопитель SSD 1TB SAMSUNG EVO 870 MZ-77E1T0B/EU (2.5"", SATA3, TLC 3D, 560/530Mbps)",2,114.1
"Накопитель SSD 240GB CRUCIAL CT240BX500SSD1 (2.5"", SATA3, TLC 3D, 540/500Mbps)",9,22.17
"Накопитель SSD 240GB CRUCIAL CT240BX500SSD1 (2.5"", SATA3, TLC 3D, 540/500Mbps)",4,22.69
Накопитель SSD 240GB Kingston SA400S37/240G,1,35.9
"Накопитель SSD 240GB PATRIOT PBE240GS25SSDR (2.5"", SATA3, TLC 3D, 450/320Mbps)",14,20.04
"Накопитель SSD 240GB PATRIOT PBE240GS25SSDR (2.5"", SATA3, TLC 3D, 450/320Mbps)",14,19.82
"Накопитель SSD 256GB PATRIOT P220S256G25 P220 (2.5"", SATA3, TLC 3D, 550/490Mbps)",3,21.79
"Накопитель SSD 256GB PATRIOT P220S256G25 P220 (2.5"", SATA3, TLC 3D, 550/490Mbps)",48,20.79
"Накопитель SSD 2TB SAMSUNG EVO 870 MZ-77E2T0B/EU (2.5"", SATA3, TLC 3D, 560/530Mbps)",4,198.46
Накопитель SSD 480GB Kingston SA400S37/480G,2,45.38
"Накопитель SSD 480GB PATRIOT PBE480GS25SSDR (2.5"", SATA3, TLC 3D, 450/320Mbps)",3,32.82
"Накопитель SSD 500GB CRUCIAL CT500BX500SSD1 (2.5"", SATA3, TLC 3D, 540/500Mbps)",13,38.54
"Накопитель SSD 500GB CRUCIAL CT500BX500SSD1 (2.5"", SATA3, TLC 3D, 540/500Mbps)",1,38.46
"Накопитель SSD 500GB SAMSUNG EVO 870 MZ-77E500B/EU (2.5"", SATA3, TLC 3D, 560/530Mbps)",2,75.77
"Накопитель SSD 500GB SAMSUNG EVO 870 MZ-77E500B/EU (2.5"", SATA3, TLC 3D, 560/530Mbps)",1,75.64
"Накопитель SSD 512GB PATRIOT P220S512G25 P220 (2.5"", SATA3, TLC 3D, 550/500Mbps)",4,35.85
"Накопитель SSD 512GB PATRIOT P220S512G25 P220 (2.5"", SATA3, TLC 3D, 550/500Mbps)",2,33.85
"Накопитель SSD M.2 1TB CRUCIAL CT1000P3PSSD8 (M.2 2280 PCI-E, Reading 5000 MB/s, Writing 3600 Mb/s)",3,78.77
"Накопитель SSD M.2 1TB Kingston FURY Renegade w/Heatsink SFYRSK/1000G (M.2 2280 PCI-E, Reading 7300 MB/s, Writing 6000 Mb/s)",2,171.79
"Накопитель SSD M.2 1TB Patriot P300P1TBM28 P300 (M.2 2280 PCI-E, Reading 2100 MB/s, Writing 1650 Mb/s)",1,60
"Накопитель SSD M.2 1TB Patriot P300P1TBM28 P300 (M.2 2280 PCI-E, Reading 2100 MB/s, Writing 1650 Mb/s)",1,60
"Накопитель SSD M.2 1TB SAMSUNG 980 MZ-V8V1T0BW (M.2 2280, PCI-E x 4, Reading 3500 MB/s, Writing 3000 Mb/s)",1,112.82
"Накопитель SSD M.2 1TB SAMSUNG EVO MZ-V7S1T0BW 970 EVO Plus (M.2 2280 PCI-E, Reading 3500 MB/s, Writing 3200 Mb/s)",2,123.59
"Накопитель SSD M.2 1TB SAMSUNG MZ-V9P1T0BW 990 PRO (M.2 2280, PCI-E x 4, Reading 7450 MB/s, Writing 6900 Mb/s)",2,146.41
"Накопитель SSD M.2 1TB SAMSUNG MZ-V9P1T0BW 990 PRO (M.2 2280, PCI-E x 4, Reading 7450 MB/s, Writing 6900 Mb/s)",1,134.62
"Накопитель SSD M.2 1TB SAMSUNG MZ-V9P1T0CW 990 PRO (M.2 2280, w/Heatsink, PCI-E x 4, Reading 7450 MB/s, Writing 6900 Mb/s)",5,158.97
"Накопитель SSD M.2 256GB Patriot P300P256GM28 P300 (M.2 2280 PCI-E, Reading 1700 MB/s, Writing 1100 Mb/s)",25,24.14
"Накопитель SSD M.2 256GB Patriot P300P256GM28 P300 (M.2 2280 PCI-E, Reading 1700 MB/s, Writing 1100 Mb/s)",10,23.59
"Накопитель SSD M.2 2TB Patriot P400 (M.2 2280 PCI-E, Reading 7000 MB/s, Writing 4800 Mb/s)",1,146.15
"Накопитель SSD M.2 2TB SAMSUNG MZ-V9P2T0BW 990 PRO (M.2 2280, PCI-E x 4, Reading 7450 MB/s, Writing 6900 Mb/s)",2,226.36
"Накопитель SSD M.2 2TB WD Black SN770 (M.2 2280 PCI-E, Reading 5150 MB/s, Writing 4850 Mb/s)",1,164.1
"Накопитель SSD M.2 2TB WD Black SN850X (M.2 2280 PCI-E, Reading 7300 MB/s, Writing 6600 Mb/s)",1,200
"Накопитель SSD M.2 2TB WD Black SN850X (M.2 2280 PCI-E, Reading 7300 MB/s, Writing 6600 Mb/s)",1,200
"Накопитель SSD M.2 500GB Kingston SNV2S/500G (M.2 2280 NVMe PCI-E, Reading 3500 MB/s, Writing 2100 Mb/s)",1,45.9
"Накопитель SSD M.2 500GB Kingston SNV3S/500G NV3 (M.2 2280 PCI-E, Reading 6000 MB/s, Writing 3000 Mb/s)",2,47.18
"Накопитель SSD M.2 500Gb SAMSUNG MZ-V8V500BW 980 (M.2 2280, PCI-E x 3, Reading 3100 MB/s, Writing 2600 Mb/s)",2,64.36
"Накопитель SSD M.2 500GB WD Black SN770 (M.2 2280 PCI-E, Reading 5000 MB/s, Writing 4000 Mb/s, WDBBDL5000ANC)",1,63.08
"Накопитель SSD M.2 500GB WD Black SN770 (M.2 2280 PCI-E, Reading 5000 MB/s, Writing 4000 Mb/s, WDBBDL5000ANC)",1,68.21
"Накопитель SSD M.2 512GB Patriot P300P512GM28 P300 (M.2 2280 PCI-E, Reading 1700 MB/s, Writing 1200 Mb/s)",7,37.69
"Накопитель SSD M.2 512GB Patriot P300P512GM28 P300 (M.2 2280 PCI-E, Reading 1700 MB/s, Writing 1200 Mb/s)",13,37.01
"Накопитель SSD внешний 1TB Patriot Duo Compact PVP30 PVP301TB28UDG (1000Mbps, USB-A/USB-C, Black)",1,91.28
"Накопитель SSD внешний 1TB SanDisk Portable SDSSDE30-1T00-G26 (2.5"", 800Mbps, USB-C, Black)",1,116.41
"Накопитель SSD внешний 2TB SAMSUNG T5 EVO Portable T5 MU-PH2T0S/EU (2.5"", 460/460Mbps, USB-C, Black)",1,173.08
"Накопитель SSD внешний 2TB SanDisk Portable SDSSDE30-2T00-G26 (2.5"", 800Mbps, USB-C, Black)",1,157
"Накопитель SSD внешний 512GB Patriot Transporter PTP512GPEC (2.5"", 1000Mbps, USB-C, Black)",1,56.41
"Наушники с микрофоном Logitech H110 (3.5mm, Silver)",500,8.08
"Наушники с микрофоном Logitech H111 (3.5mm, Gray)",3,12.05
"Наушники с микрофоном Logitech H340 (USB, Black)",71,25.13
"Наушники с микрофоном Logitech H390 (USB, Black)",7,37.25
"Наушники с микрофоном Logitech H540 (USB, Black)",2,43.08
"Наушники с микрофоном Razer BlackShark V2 X (Gaming, 3.5mm audio jack, Black)",1,57.95
"Наушники с микрофоном беспроводные Genesis NSG-1673 Selen 400 Black-Red, Gaming (USB)",1,28.21
"Ноутбук Acer Aspire 5 A515-57-713N 15.6"" (FHD IPS, i7-12650H, 16GB DDR4, 512GB SSD, Intel UHD, Dark Gray, DOS, NX.KN4EX,00X)",1,667.69
"Ноутбук ASUS E410KA-PM464 14"" (FHD, Pentium N6000, 4GB LPDDR4, 64GB eMMC, Intel UHD Graphics, Windows 11 Home, Star Black)",3,197.95
"Ноутбук ASUS VivoBook Go 15 E1504GA-WB31 15.6"" (FHD, Core i3-N305, 8GB, 128GB UFS, Intel UHD Graphics, Black, Windows 11)",2,334.1
"Ноутбук ASUS VivoBook Go 15 E1504GA-WS36 15.6"" (FHD, Core i3-N305, 8GB DDR4, 256GB SSD, Intel UHD, Black, Windows 11)",1,365.64
"Ноутбук Asus VivoBook X1404ZA-I38128 14"" (FHD, Core i3 1215U, 8GB DDRAM, 128GB SSD, Intel UHD, Quiet Blue, Windows 11s)",2,356.15
"Ноутбук ASUS ZenBook 14 OLED UM3402YA-WS74T 14"" (2.8K Touch, Ryzen 7-7730U, 16GB LPDDR4, 512GB SSD, AMD Radeon Graphics, Window",1,900
"Ноутбук Dell Inspiron 14 7440 14"" (WUXGA IPS Touch 2-in-1, Core 7 150U, 16GB DDR5, 1TB SSD, Iris Xe Graphics, Ice Blue, Windows",1,1102.56
"Ноутбук Dell Vostro 3520 (15.6"" FHD, i3 1215U, 8GB DDR4, 512GB SSD, Intel Iris XE, BT, Webcam, Black, DOS)",1,372.82
"Ноутбук Dell Vostro 3520 (15.6"" FHD, i3 1215U, 8GB DDR4, 512GB SSD, Intel Iris XE, BT, Webcam, Black, DOS)",6,360.71
"Ноутбук Dell Vostro 3520 (15.6"" FHD, i5 1235U, 8GB DDR4, 512GB SSD, Intel Iris XE, BT, Webcam, Black, DOS)",1,476.92
"Ноутбук HP 15-fd0025st 15.6"" (FHD, Core i5-1335U, 8GB DDR4, 256GB SSD, Intel Iris Xe Graphics, Windows 11 Home, Natural Silver)",1,497
"Ноутбук HP 15-fd1085cl 15.6"" (FHD Touch, Core 5 120U, 12GB, 512GB SSD, Intel Graphics, Black, Windows 11, 9T8G5UA#ABA)",1,589.74
"Ноутбук HP 15-fd1085cl 15.6"" (FHD Touch, Core 5 120U, 12GB, 512GB SSD, Intel Graphics, Black, Windows 11, 9T8G5UA#ABA)",1,577.44
"Ноутбук HP Envy X360 14"" (FHD Touch, Core 7 150U, 16GB, 512GB SSD, Intel Graphics, Silver, Windows 11)",1,961.54
"Ноутбук HP Envy x360 14-es1013dx 14"" (FHD Touch, Core 5 120U, 8GB, 512GB SSD, Natural Silver, Intel Graphics, Windows 11, 9R8R2",1,709.74
"Ноутбук HP Envy x360 14-fa0013dx 14"" (WUXGA Touchscreen, Ryzen 5 8640HS, 16GB DDR5, 512GB SSD, AMD Radeon Graphics, Glacier Sil",1,802.56
"Ноутбук HP Envy X360 15-fe1082wm 15.6"" (FHD Touch, Core Ultra 7 155U, 16GB, 512GB SSD, Intel Graphics, Silver, Windows 11)",1,1073.59
"Ноутбук HP Victus 16-r0085cl 16.1"" (FHD IPS 144Hz, Core i7 13700H, 16GB DDR5, 1TB SSD, 8GB RTX4070, Mica Silver, Windows 11)",1,1551.03
"Ноутбук HP Victus Gaming 15.6"" (IPS FHD, 144Hz, Ryzen 5 8645HS, 8GB DDR5, 512GB SSD, 6GB RTX4050, Silver, Windows 11)",1,879.49
"Ноутбук HP Victus Gaming 15-fa2013dx 15.6"" (IPS FHD, 144Hz, Core i5 13420H, 8GB DDR4, 512GB SSD, 6GB RTX3050, Mica Silver, Wind",1,791
"Ноутбук HP Victus Gaming 15-fa2709wm 15.6"" (IPS FHD, 144Hz, Core i5 13420H, 16GB DDR4, 512GB SSD, 6GB RTX4050, Mica Silver, Win",1,961.54
"Ноутбук Lenovo IdeaPad 1 15.6"" (FHD, i3 1215U, 8GB DDR4, 256GB SSD, Intel UHD Graphics, Grey, DOS)",2,363.53
"Ноутбук Lenovo IdeaPad 1 15.6"" (FHD, i3 1215U, 8GB DDR4, 256GB SSD, Intel UHD Graphics, Grey, DOS)",4,368.4
"Ноутбук Lenovo V15 15.6"" (FHD, i3 1315U, 8GB DDR4, 256GB SSD, Intel UHD, Business Black, DOS, 83A1004SUE)",1,397.95
"Ноутбук Lenovo V15 15.6"" (FHD, i3 1315U, 8GB DDR4, 256GB SSD, Intel UHD, Business Black, DOS, 83A1004SUE)",1,397.95
"Ноутбук Lenovo V15 15.6"" (FHD, i5 13420H, 8GB DDR4, 512GB SSD, Intel HD, Dark Grey, DOS, 83A1008WEU)",1,500
"Ноутбук Lenovo V15 15.6"" (FHD, Ryzen 5 7520U, 8GB DDR4, 256GB SSD, AMD Radeon Graphics, Dark Grey, DOS)",1,407.69
"Ноутбук MSI Thin 15.6"" (IPS FHD 144Hz, Core i5 13420H, 16GB DDR4, 512GB SSD, 4GB RTX3050, Black, Windows 11)",1,770
"Переходник Ugreen 10396 (Micro USB(M) to USB-A(F), OTG, 15cm, Black)",1,1.54
Презентационный пульт Logitech R400 (Black),1,29.74
Принтер лазерный Canon ImageCLASS LBP6030,6,161.2
Принтер лазерный МФУ Canon imageCLASS MF3010,1,250
Принтер лазерный МФУ Canon imageCLASS MF3010,4,250
Принтер лазерный МФУ Canon i-SENSYS MF3010,10,248.21
"Принтер лазерный МФУ HP LaserJet Enterprise M578DN (Принтер/Сканер/Копир, ADF, Duplex, A4, 7ZU85A)",1,3455.38
Принтер лазерный МФУ HP LaserJet M141a (A4),1,177.95
"Принтер лазерный цветной МФУ Canon I-Sensys MF752CDW, Color Laser, A4",1,456.15
Принтер лазерный цветной МФУ HP Color Laser 179fnw (A4),1,356.41
Принтер лазерный цветной МФУ HP Color Laser 179fnw (A4),3,330
"Принтер струйный МФУ Canon PIXMA MG2541S, A4",2,66.41
"Принтер струйный МФУ Canon PIXMA MG2546S, A4",1,59.23
"Принтер струйный МФУ HP DeskJet 2320 (7WN42B, A4, White)",1,76.41
"Проектор Acer X1226AH (DLP, max 10000h., 4000lm, 20000:1, 1024x768, USB, HDMI, VGA, Component, RCA, Audio In/Out)",2,335.13
"Проектор Viewsonic PA503S (DLP, макс 15000ч., 3600lm, 22000:1, макс 800x600, USB, RS-232, HDMI, 2xVGA, Component, RCA, Audio In",1,350
"Процессор AMD Ryzen 5 5500 (S-AM4, TRAY)",4,80.51
"Процессор AMD Ryzen 5 5600G (S-AM4, TRAY)",2,141.54
"Процессор AMD Ryzen 5 5600X (S-AM4, TRAY)",1,124.1
"Процессор AMD Ryzen 5 7600X (S-AM5, TRAY)",1,231.54
"Процессор AMD Ryzen 5 8400F (S-AM5, TRAY)",1,126
"Процессор AMD Ryzen 7 5700X (S-AM4, TRAY)",1,148.21
"Процессор AMD Ryzen 7 7700 (S-AM5, TRAY)",1,248.72
"Процессор AMD Ryzen 7 7700 (S-AM5, TRAY)",2,256.41
"Процессор Intel Core i3 12100 (3.3GHz, 6Mb, 8GT/s, GPU, S1700, TRAY)",1,106.92
"Процессор Intel Core i3 12100 (3.3GHz, 6Mb, 8GT/s, GPU, S1700, TRAY)",1,106.92
"Процессор Intel Core i3 14100 (4.7GHz, 12Mb, 8GT/s, GPU, S1700, TRAY)",1,125.38
"Процессор Intel Core i5 12400 (2.5GHz, 12Mb, 8GT/s, GPU, S1700, TRAY)",25,141.54
"Процессор Intel Core i5 12400 (2.5GHz, 12Mb, 8GT/s, GPU, S1700, TRAY)",2,152.56
"Процессор Intel Core i5 12400F (2.5GHz, 12Mb, 8GT/s, S1700, TRAY)",1,125.13
"Процессор Intel Core i5 13400 (2.5GHz, 20Mb, GPU, S1700, TRAY)",3,172.05
"Процессор Intel Core i5 13400F (2.5GHz, 20Mb, 8GT/s, S1700, TRAY)",2,134.74
"Процессор Intel Core i5 14400 (4.7GHz, 20Mb, 8GT/s, GPU, S1700, TRAY)",2,168.46
"Процессор Intel Core i5 14400 (4.7GHz, 20Mb, 8GT/s, GPU, S1700, TRAY)",1,162.56
"Процессор Intel Core i7 12700K (3.6GHz, 25Mb, 8GT/s, GPU, S1700, TRAY)",1,273.59
"Процессор Intel Core i7 13700K (3.4GHz, 30Mb, GPU, S1700, BOX)",5,376.31
"Процессор Intel Core i7 14700K (2.5GHz, 33Mb, 8GT/s, GPU, S1700, TRAY)",2,453.85
"Процессор Intel Core i9 12900K (3.2GHz, 30Mb, 8GT/s, S1700, TRAY)",3,484.62
"Процессор Intel Core i9 14900K (3.2GHz, 36Mb, 8GT/s, GPU, S1700, TRAY)",1,535
"Процессор Intel Core i9 14900K (3.2GHz, 36Mb, 8GT/s, GPU, S1700, TRAY)",3,535.9
"Процессор Intel Core i9 14900KF (3.2GHz, 36Mb, 8GT/s, S1700, TRAY)",1,525.64
"Процессор Intel Pentium Gold G7400 (3.7GHz, 6Mb, 8GT/s, GPU, S1700, OEM)",1,91.28
"Процессор Intel Pentium Gold G7400 (3.7GHz, 6Mb, 8GT/s, GPU, S1700, OEM)",1,86.15
"Сетевая карта Asus PCE-AX1800 (PCI-E, WiFi 6, Bluetooth 5.2)",3,35.18
"Сетевая карта TP-Link Archer T2U NANO (AC600, Nano, USB)",8,14.28
"Сетевая карта TP-Link Archer T4U (AC1300, Dual, External antennas, USB)",2,31.03
"Сетевая карта TP-Link Archer T4U (AC1300, Dual, External antennas, USB)",1,34.62
"Сетевая карта TP-Link Archer TXE75E (AXE5400, Wi-Fi 6e, Bluetooth, PCI-E)",1,73.85
"Сетевая карта TP-Link TG-3468 (10/100/1000Mbps, PCI-E)",3,11.79
Сетевая карта TP-Link TL-WN725N (USB),5,7.69
Сетевая карта TP-Link TL-WN725N (USB),2,7.95
Сетевая карта TP-Link TL-WN823N (USB),4,11.41
"Сетевая карта Ugreen 50737 (10/100/1000, USB-C, Space Grey)",3,18.46
"Сетевая карта Ugreen 90340 (Wi-Fi 6 X1800, USB)",1,26.67
"Сетевой фильтр CrownMicro CMPS-06 (6 Euro Sockets, 5.0m, Black, 2500W)",3,5.9
"Сетевой фильтр CrownMicro CMPS-06 (6 Euro Sockets, 5.0m, Black, 2500W)",3,5.13
"Сетевой фильтр LANBERG PS0-05F-0300-W (5 SOCKETS 3M, SCHUKO, WHITE)",1,10
"Сетевой фильтр Lightwave LW EXT 52U-2P (5 Universal Sockets, 2xUSB (2.1A), 3.0m, Black)",2,9.74
"Сетевой фильтр Lightwave LW-EXT-44MW-2P (4 Universal Sockets, 3xUSB, 1xType-C, Black)",1,29.74
"Сетевой фильтр Lightwave LW-EXT-64U-2P (6 Universal Sockets, 4xUSB, 2.0m, Black)",1,13.59
Стол игровой Genesis NDS-1606 Holm 200 RGB (Black),1,141.79
"Сумка для ноутбука 14"" RivaCase 7704 (Sleeve, Black)",1,12.7
"Сумка для ноутбука 15.6"" Digma R-270 (Black)",1,12.31
"Сумка для ноутбука 15.6"" Digma R-270 (Grey/Black)",2,12.82
"Сумка для ноутбука 15.6"" Innovation IT NT15 Black",1,10.51
"Сумка для ноутбука 15.6"" NATEC Beira NTO-2056 (Black)",3,12.91
"Сумка для ноутбука 15.6"" Natec GOA NTO-2055 (Black)",27,10.73
"Сумка для ноутбука 15.6"" Natec GOA NTO-2055 (Black)",3,10.26
"Сумка для ноутбука 15.6"" NATEC Nanger NTO-2027 (Black)",1,19.23
"Сумка для ноутбука 15.6"" Natec Taruca NTO-2031 (Black)",10,11.79
"Сумка для ноутбука 15.6"" Natec WALLAROO NTO-2051 (With wireless Mouse, Black)",2,14.1
"Термопаста Arctic MX-4 (45g, syringe)",1,27.18
"Термопаста Arctic MX-4 (8g, syringe)",3,6.35
"Термопаста Arctic MX-6 (2g, syringe)",6,4.36
"Термопаста Arctic MX-6 (4g, syringe + 5 x Cleaning wipes)",1,8.72
"Термопаста Arctic MX-6 (8g, syringe)",1,9.74
"Термопаста Deepcool Z5 (3g, Syringe)",1,7.95
"Термопаста Zalman ZM-STC9 (3.5g, Syringe)",1,11.03
"Точка доступа/Router ASUS RT-AX52 (AX1800, Wi-Fi 6, Dual Band, 4xAntennas)",2,46.92
"Точка доступа/Router TP-Link Archer AX10 (AX1500, 10/100/1000)",1,72.56
"Точка доступа/Router TP-Link Archer AX55 (AX3000, 10/100/1000)",1,108.46
"Точка доступа/Router TP-Link Archer AX72 (AX5400, 10/100/1000)",1,154.62
Точка доступа/Router TP-Link Archer C50 (AC1200),1,35.64
Точка доступа/Router TP-Link Archer C50 (AC1200),4,31.03
Точка доступа/Router TP-Link Archer C60 (AC1350),2,36.92
"Точка доступа/Router TP-Link Archer MR200 AC750 (Dual, 3G/4G, Sim)",1,100
"Точка доступа/Router TP-Link RE305 (AC1200, Repeater, Powerline, up to 1200Mbps)",1,48.46
Точка доступа/Router TP-Link TL-WA801N (802.11n),1,26.67
Точка доступа/Router TP-Link TL-WR840N (802.11n),1,23.33
Точка доступа/Router TP-Link TL-WR844N (802.11n),1,16.41
Удлинитель LANBERG CA-C13E-10CC-0018-BK POWER SUPPLY CABLE IEC 320 C13-> C14 1.8M BLACK,1,4.62
Удлинитель LANBERG CA-C13E-11CC-0018-BK POWER SUPPLY CABLE IEC 320 C13-> C14 1.8M BLACK,10,3.33
Удлинитель LANBERG CA-USBE-10CC-0018-BK CABLE USB 2.0 AM-AF BLACK 1.8M,40,1.28
Удлинитель LANBERG CA-USBE-10CC-0050-BK CABLE USB 2.0 AM-AF BLACK 5M,1,3.59
"Флешка USB 128GB Kingston DataTraveler Exodia (USB 3.2, Black)",7,9.65
"Флешка USB 128GB Patriot PSF128GXRB3U Xporter Core (USB 3.2, Black)",1,8.97
"Флешка USB 128GB Samsung FIT Plus (USB 3.1, Black)",1,28
"Флешка USB 256GB Kingston DataTraveler Exodia (USB 3.2, Black)",1,23.59
"Флешка USB 256GB Kingston DataTraveler Exodia Onyx (USB 3.2, Black)",1,18.72
"Флешка USB 32GB Patriot PEF32GRLB32U SS RAGE LITE (USB 3.2, Black)",21,4.1
"Флешка USB 32GB Patriot PSF32GX3B3U XPORTER 3 Slider (USB 3.2, Black)",10,4.1
"Флешка USB 32GB Patriot PSF32GX3B3U XPORTER 3 Slider (USB 3.2, Black)",3,4.44
"Флешка USB 64GB Patriot PEF64GRLB32U SS RAGE LITE (USB 3.2, Black)",15,5.64
"Флешка USB 64GB Patriot PEF64GRLB32U SS RAGE LITE (USB 3.2, Black)",2,6.41
"Флешка USB 64GB Patriot PEF64GSBUSB SUPERSONIC BOOST (USB 3.0, 150/30, Black)",1,15.13
"Флешка USB 64GB Patriot PSF64GT300DS3U TAB300 (USB 3.2, Dark Shadow)",2,7.18
"Флешка USB 64GB Patriot PSF64GX3B3U XPORTER 3 Slider (USB 3.2, Black)",24,5.38
"Флешка USB 64GB Samsung Bar Plus (USB 3.1, Silver)",3,18.72
"Шкаф настенный LANBERG WF01-6418-10S 19"" WALL-MOUNT RACK 18U/600X450 FLAT PACK GREY V2",1,201.03
"Шредер Buro Home BU-S050C (5 list, 13ltr, pl.cards)",1,57.95
"Экран для проектора ANC Manual Screen M200x200 (200x200cm, 1:1, настенный)",1,80
"Экран для проектора ANC Manual Screen M200x200 (200x200cm, 1:1, настенный)",2,80
"Экран для проектора ANC Manual Screen M240x180 (240x180cm, 1:1, настенный)",1,97.95
"Экран для проектора ANC Manual Screen M240x180 (240x180cm, 1:1, настенный)",1,130.26
"Экран для проектора Cactus Wallscreen CS-PSW-213x213 (213x213cm, 1:1, настенный)",1,116.92
"Экран для проектора Lumien Eco View LEV-100102 (180x180cm, 1:1, черный, напольный)",1,117.95
"Экран для проектора Lumien Eco View LEV-100109 (220x220cm, 1:1, черный, напольный)",1,180
