Supplier,Category,Brand,Model,Name,Price,Currency,Stock,MOQ,Notes
BRAND,Dell,,,"DELL SE2722H(FHD) Size - 27"" / Panel Type - VA LCD / Resolution - 1920 x 1080 / Aspect Ratio - 16:9 / Maximum Brightness - 250 cd/m2 / Contrast Ratio - 3000:1 / Refresh Rate - 75 Hz / Inputs/Outputs- 1 x HDMI 1.4 Input,1 x VGA Input / War 3Yrs",74000,AMD,1,NO,
BRAND,Dell,,,"DELL S2725QS(4K) Size - 27"" / Panel Type - IPS / Resolution - 3840 x 2160 (4K UHD) / Aspect Ratio - 16:9 / Maximum Brightness - 350 cd/m² / Contrast Ratio - 1000:1 / Refresh Rate - 60 Hz / Inputs - 2 x HDMI 2.0 (HDCP 2.2), 1 x USB-C (DisplayPort 1.4, Power Delivery up to 65W), 2 x USB 3.2 Gen 1 downstream, 1 x USB 3.2 Gen 1 downstream with Battery Charging 1.2, 1 x Audio Line-Out / Warranty - 3 Years",170000,AMD,1,NO,
BRAND,Dell,,,"Dell P2425HE(FHD) Size - 23,8"" / Panel Type - IPS / Resolution - 1920 x 1080 / Aspect Ratio - 16:9 / Maximum Brightness - 250 cd/m2 / Contrast Ratio - 1500:1 / Refresh Rate - 100 Hz / Inputs1 x HDMI 1.4 (HDCP 1.4) ,1 x DisplayPort 1.2 (HDCP 1.4) ,1 x VGA ,1x DisplayPort output (MST), 1USB-C 3.1 Gen 1 upstream/DisplayPort 1.2 with Power Delivery (power up to 65W), 3 x USB 3.2 Gen 1 downstream, 1 x USB 3.2 C Gen 1 downstream, Network (RJ-45) / War 3Yrs",110000,AMD,1,NO,
BRAND,Dell,,,"DELL P2425H(FHD) Size - 23,8"" / Panel Type - IPS / Resolution - 1920 x 1080 / Aspect Ratio - 16:9 / Maximum Brightness - 300 cd/m2 / Contrast Ratio - 1000:1 / Refresh Rate - 100 Hz / Inputs1 x HDMI 1.4 (HDCP 1.4) ,1 x DisplayPort 1.2 (HDCP 1.4) ,1 x VGA , 1 x SuperSpeed USB 5Gbps (USB3.2 Gen1) upstream, 4 x SuperSpeed USB 5Gbps (USB3.2 Gen1), HDCP Support - HDMI HDCP 1.4 ,DP HDCP 1.4 / War 3Yrs",78000,AMD,1,NO,
BRAND,Dell,,,"DELL P2725H(FHD) Size - 27"" / Panel Type - IPS / Resolution - 1920 x 1080 / Aspect Ratio - 16:9 / Maximum Brightness - 300 cd/m2 / Contrast Ratio - 1000:1 / Refresh Rate - 100 Hz / Inputs1 x HDMI 1.4 (HDCP 1.4) ,1 x DisplayPort 1.2 (HDCP 1.4) ,1 x VGA , 1 x SuperSpeed USB 5Gbps (USB3.2 Gen1) upstream, 4 x SuperSpeed USB 5Gbps (USB3.2 Gen1), HDCP Support - HDMI HDCP 1.4 ,DP HDCP 1.4 / War 3Yrs",95000,AMD,1,NO,
BRAND,Dell,,,"DELL P2723QE(4K) Size - 26,96"" / Panel Type - IPS / Resolution - 3840 x 2160 / Aspect Ratio - 16:9 / Maximum Brightness - 350 cd/m2 / Contrast Ratio - 1000:1 / Refresh Rate - 60 Hz / Inputs1 HDMI (HDCP 2.3), DisplayPort 1.4 (HDCP 2.3) , USB-C 3.2 Gen 1 upstream (power up to 90W) , 4 x USB 3.2 Gen 1 downstream ,LAN (RJ-45) / War 3Yrs",0,AMD,1,NO,
BRAND,Dell,,,"DELL Latitude 5520 Intel® Core™ i5-1135G7 / Intel Iris Xe Graphics / 15,6"", FHD 1920x1080, 60Hz / Intel® Wi-Fi 6 AX201 2x2 .11ax 160MHz + Bluetooth 5.2 / 16 GB, 1 x 16 GB, DDR4,3200 MHz / 256 GB, M.2, PCIe NVMe, SSD /1 RJ-45 Ethernet port , 1 USB 3.2 Gen 1 port , 1 USB 3.2 Gen 1 port with PowerShare , 2 Thunderbolt 4 ports with DisplayPort Alt Mode/USB4/Power Delivery , 1 HDMI 2.0 port , 1 Universal audio port / 1.37 kg / Ubuntu / War 3Yrs",440000,AMD,1,NO,
BRAND,Dell,,,Dell Headset Dell Stereo Headset – WH1022,16000,AMD,1,NO,
BRAND,Dell,,,Dell Pro Wireless Keyboard and Mouse Dell Pro Wireless Keyboard and Mouse – KM5221W,22000,AMD,1,NO,
BRAND,LENOVO,,,"ThinkPad T14s G5(21LS004TRT) Intel Core Ultra 7 155U, 12C (2P + 8E + 2LPE) / 14T, Max Turbo up to 4.8GHz, 12MB / 32GB Soldered LPDDR5x-6400 / 1TB SSD M.2 2280 PCIe 4.0x4 Performance NVMe Opal 2.0 / 14"" 2.8K (2880x1800) OLED 400nits Anti-glare / Anti-reflection / Anti-smudge, 100% DCI-P3, 120Hz, DisplayHDR True Black 500, Dolby Vision, Touch / Haptic Touchpad / Intel Wi-Fi 6E AX211, 802.11ax 2x2 + BT5.3 / 3-year, Courier or Carry-in / Win 11 Pro Rus",0,AMD,1,NO,
BRAND,LENOVO,,,"ThinkPad T14 Gen 5(21ML009ERT) Intel Core Ultra 5 125U, 12C (2P + 8E + 2LPE) / 14T, Max Turbo up to 4.3GHz, 12MB / 2x 8GB SO-DIMM DDR5-5600 / 512GB SSD M.2 2280 PCIe 4.0x4 NVMe Opal 2.0 / 14"" WUXGA (1920x1200) IPS 400nits Anti-glare, 45% NTSC, 60Hz, DBEF5 / Intel Wi-Fi 6E AX211, 802.11ax 2x2 + BT5.3 / 3-year, Courier or Carry-in / DOS",0,AMD,1,NO,
BRAND,LENOVO,,,"ThinkPad T16 G3(21MN00BMRT) Intel Core Ultra 5 125U, 12C (2P + 8E + 2LPE) / 14T, Max Turbo up to 4.3GHz, 12MB / 2x 8GB SO-DIMM DDR5-5600 / 512GB SSD M.2 2280 PCIe 4.0x4 NVMe Opal 2.0 / 16"" WUXGA (1920x1200) IPS 300nits Anti-glare, 45% NTSC / Intel Wi-Fi 6E AX211, 802.11ax 2x2 + BT5.3 / 3-year, Courier or Carry-in / DOS",524000,AMD,1,NO,
BRAND,LENOVO,,,"ThinkPad T16 G3(21MN00BNRT) Intel Core Ultra 7 155U, 12C (2P + 8E + 2LPE) / 14T, Max Turbo up to 4.8GHz, 12MB / 1x 16GB SO-DIMM DDR5-5600 / 512GB SSD M.2 2280 PCIe 4.0x4 NVMe Opal 2.0 / 16"" WUXGA (1920x1200) IPS 400nits Anti-glare, 100% sRGB, Low Power / Intel Wi-Fi 6E AX211, 802.11ax 2x2 + BT5.3 / Smart Card Reader / 3-year, Courier or Carry-in / DOS",0,AMD,1,NO,
BRAND,Whiteboard,,,"AMDOX F075AF Size - 75"" Interactive smartboard Camera - 13MP + 6 mic array Speaker - 2*15w Ram - 8GB Storage - 128 Gb OS - Android 13 Brightness - 350 cd/m",800000,AMD,1,NO,
BRAND,Whiteboard,,,"AMDOX F086AF Size - 86"" Interactive smartboard Camera - 13MP + 6 mic array Speaker - 2*15w Ram - 8GB Storage - 128 Gb OS - Android 13 Brightness - 400 cd/m",950000,AMD,1,NO,
BRAND,Whiteboard,,,"AMDOX F098AF Size - 98"" Interactive smartboard Camera - 13MP + 6 mic array Speaker - 2*15w Ram - 8GB Storage - 128 Gb OS - Android 13 Brightness - 450 cd/m",1500000,AMD,1,NO,
BRAND,Whiteboard,,,"AMDOX F098AF Size - 98"" Interactive smartboard Camera - 13MP + 6 mic array Speaker - 2*15w CPU - Intel Core I5 12Gen Ram - 16GB Storage - 512 Gb OS - Android 13+ Windows 11 Brightness - 450 cd/m",1700000,AMD,1,NO,
BRAND,Whiteboard,,,"Interactive whiteboard 86'' Size: 86Inch interactive whiteboard Touch technology: Infrared Touch Points: 20 points OS: Support Window, Android, Linux OS Driver: No need, USB plug and play",350000,AMD,1,NO,
BRAND,Whiteboard,,,"Interactive whiteboard 94'' Size: 94Inch interactive whiteboard Touch technology: Infrared Touch Points: 20 points OS: Support Window, Android, Linux OS Driver: No need, USB plug and play",450000,AMD,1,NO,
BRAND,Whiteboard,,,"Boente BETPS1-84 60*60 Screen Type Manual Screen Size 84""( 150*150 CM) Case Type Octagonal Case Color White / Black Bottom Spindle White / Black Screen Material Matte White K / Matte White B / Glass Beaded / Matte Gry Format 1:1 /4:3 /16:9",35300,AMD,1,NO,
BRAND,Whiteboard,,,"Boente BETPS1-100 70*70 Screen Type Manual Screen Size 100"" ( 180*180 CM) Case Type Octagonal Case Color White / Black Bottom Spindle White / Black Screen Material Matte White K / Matte White B / Glass Beaded / Matte Gry Format 1:1 /4:3 /16:9",41000,AMD,1,NO,
BRAND,Whiteboard,,,"Boente BETPS1-120 84*84 Screen Type Manual Screen Size 120"" ( 210*210 CM) Case Type Octagonal Case Color White / Black Bottom Spindle White / Black Screen Material Matte White K / Matte White B / Glass Beaded / Matte Gry Format 1:1 /4:3 /16:9",46500,AMD,1,NO,
BRAND,Whiteboard,,,"Boente BETPS1-136 Screen Type Manual Screen Size 136"" ( 243*243 CM) Case Type Octagonal Case Color White / Black Bottom Spindle White / Black Screen Material Matte White K / Matte White B / Glass Beaded / Matte Gry Format 1:1 /4:3 /16:9",57000,AMD,1,NO,
BRAND,Whiteboard,,,"Boente BETPS1-150 Screen Type Manual Screen Size 150"" Case Type Octagonal Case Color White / Black Bottom Spindle White / Black Screen Material Matte White K / Matte White B / Glass Beaded / Matte Gry Format 1:1 /4:3 /16:9",66000,AMD,1,NO,
BRAND,Whiteboard,,,"Boente BETTS1-100 70*70 Screen Type Tripod Screen Size 100"" ( 180*180 CM) Case Type Octagonal Case Color White / Black Bottom Spindle White / Black Screen Material Matte White K / Matte White B / Glass Beaded / Matte Gry Format 1:1 /4:3 /16:9",51000,AMD,1,NO,
BRAND,Whiteboard,,,"Boente BETTS1-120 84*84 Screen Type Tripod Screen Size 120"" ( 210*210 CM) Case Type Octagonal Case Color White / Black Bottom Spindle White / Black Screen Material Matte White K / Matte White B / Glass Beaded / Matte Gry Format 1:1 /4:3 /16:9",58000,AMD,1,NO,
BRAND,Whiteboard,,,"Boente BETTS1-136 96*96 Screen Type Tripod Screen Size 136"" ( 243*243 CM) Case Type Octagonal Case Color White / Black Bottom Spindle White / Black Screen Material Matte White K / Matte White B / Glass Beaded / Matte Gry Format 1:1 /4:3 /16:9",67000,AMD,1,NO,
BRAND,Whiteboard,,,Boente BETPMS1-120 Screen Type Electric Screen Size 120 Case Type Octagonal Case Color White / Black Bottom Spindle White / Black Screen Material Matte White K / Matte White B / Glass Beaded / Matte GryFormat 1:1 /4:3 /16:9,67000,AMD,1,NO,
BRAND,Whiteboard,,,Boente BETPMS1-136 Screen Type Electric Screen 136 Case Type Octagonal Case Color White / Black Bottom Spindle White / Black Screen Material Matte White K / Matte White B / Glass Beaded / Matte GryFormat 1:1 /4:3 /16:9,70000,AMD,1,NO,
BRAND,Whiteboard,,,Boente BETPMS1-150 Screen Type Electric Screen Size 150 Case Type Octagonal Case Color White / Black Bottom Spindle White / Black Screen Material Matte White K / Matte White B / Glass Beaded / Matte GryFormat 1:1 /4:3 /16:9,100000,AMD,1,NO,
BRAND,Whiteboard,,,Boente BNT-701 76-153cm Product name Tripod stand for laptop Model number BNT-700 Material PP+Steel tube Folded size 15X15X108cm The first section lifted size 89X79X120cm The second section lifted size 89X79X190cm Weight 4.6KG（with packaging）,25000,AMD,1,NO,
BRAND,Whiteboard,,,Boente BNT-502B 90-168cm Product Projector tripod stand Model number BNT-502B Material Steel Adjustable Height: 90cm-168cm Tray holder size: 39*29cm Color Black Central pole size 3.5cm diameter Loading capacity: 60KG Suitable for projector/camera/speaker,20000,AMD,1,NO,
BRAND,Whiteboard,,,Boente BNT-600 96-200cm Product Projector stand floor tripod Model number BNT-600 Material Steel Adjustable Height: 90cm-200cm Tray holder size: 39*29cm Color Black Feature With wheels Loading capacity: 20KG Weight : 7 KG Suitable for projector/camera/speaker,28000,AMD,1,NO,
BRAND,Whiteboard,,,Boente BM63100S 43-65cm Type Ceiling Mount Kits Model Number BM4365s Material Aluminum Alloy Color White Adjustable Arm Length 43-65 cm Loading Capacity 18kg Adjustable Angle Tilt ± 22.5˚ Adjustable Angle Yaw ± 15˚,11000,AMD,1,NO,
BRAND,Whiteboard,,,Boente BM63100S 63-100cm Type Ceiling Mount Kits Model Number BM63100s Material Aluminum Alloy Color White Adjustable Arm Length 63-100 cm Loading Capacity 18kg Adjustable Angle Tilt ± 22.5˚ Adjustable Angle Yaw ± 15˚,16500,AMD,1,NO,
BRAND,Whiteboard,,,Boente BM10120A Type Ceiling Mount Kits Model Number BM70120s Material Aluminum Alloy Color White Adjustable Arm Length 70 - 120 cm Loading Capacity 18kg Adjustable Angle Tilt ± 22.5˚ Adjustable Angle Yaw ± 15˚,17500,AMD,1,NO,
BRAND,Whiteboard,,,"Boente BM-2,0 100-200cm Type Ceiling Mount Kits Model Number BM63100s Material Aluminum Alloy Color White Adjustable Arm Length 63-100 cm Loading Capacity 18kg Adjustable Angle Tilt ± 22.5˚ Adjustable Angle Yaw ± 15˚",20000,AMD,1,NO,
BRAND,Whiteboard,,,Boente BM01 Type Ceiling Mount Kits Model Number BM1 MaterialCold Rolled Steel Color White / Black Adjustable Arm Length 12 cm Loading Capacity 20kg Adjustable Angle Tilt ± 30˚ Adjustable Angle Yaw ± 15˚,5500,AMD,1,NO,
BRAND,Whiteboard,,,Boente BW-120S 120sm Type Ceiling Mount Kits Model Number BW-120S Material Cold Rolled Steel Color White Adjustable Arm Length 120cm Loading Capacity 25kg Adjustable Angle Tilt ± 22.5˚ Adjustable Angle Yaw ± 15˚,29300,AMD,1,NO,
BRAND,Whiteboard,,,Gembird CM-B-01 Specifications Material: steel Surface finish: powder coating Color: black Weight capacity: 13 kg Projector mounting width: 54 ~ 320 mm Tilt range: +15 ° ~ -15 ° Swivel range: +15 ° ~ -15 ° Rotation: 360 ° Height adjustment: 380 ~ 580 mm Net weight: 1.16 kg Dimensions: 334 x 334 x 580 mm,9500,AMD,1,NO,
BRAND,Deepcool,,,DeepCool BARONKASE LIQUID WHITE,91000,AMD,1,NO,
BRAND,Deepcool,,,DeepCool BARONKASE LIQUID BLACK,86000,AMD,1,NO,
BRAND,Deepcool,,,DeepCool NEW ARK 90,176000,AMD,1,NO,
BRAND,Deepcool,,,DeepCool GENOME II ROG,166000,AMD,1,NO,
BRAND,Deepcool,,,DeepCool GENOME II Black-Green,146500,AMD,1,NO,
BRAND,Deepcool,,,DeepCool GENOME II Black-Red,146500,AMD,1,NO,
BRAND,Deepcool,,,DeepCool GENOME II White - Blue,146500,AMD,1,NO,
BRAND,Deepcool,,,DeepCool Dukase Liquid,117000,AMD,1,NO,
BRAND,Deepcool,,,DeepCool UF140,8000,AMD,1,NO,
BRAND,Deepcool,,,DeepCool GAMMAXX C40,17000,AMD,1,NO,
BRAND,Deepcool,,,DeepCool ASSASSIN II,47900,AMD,1,NO,
BRAND,Deepcool,,,DeepCool GAMMAXX 300,12600,AMD,1,NO,
BRAND,Deepcool,,,DeepCool NEPTWIN WHITE,37000,AMD,1,NO,
BRAND,Xilence,,,XILENCE XP 350R7,0,AMD,1,NO,
BRAND,Xilence,,,XILENCE XP 400R7,0,AMD,1,NO,
BRAND,Xilence,,,XILENCE XP 500R7,19000,AMD,1,NO,
BRAND,Xilence,,,XILENCE XP 600R7,21000,AMD,1,NO,
BRAND,Xilence,,,XILENCE XP 700R7,28000,AMD,1,NO,
BRAND,Xilence,,,XILENCE XP 700R6,29300,AMD,1,NO,
BRAND,Xilence,,,XILENCE XP 830R8,50000,AMD,1,NO,
BRAND,Xilence,,,XILENCE XP 850R10,0,AMD,1,NO,
BRAND,Xilence,,,XILENCE XP 850MR11,60000,AMD,1,NO,
BRAND,Xilence,,,XILENCE XP 750MR9,65000,AMD,1,NO,
BRAND,Xilence,,,XILENCE XP 1050MR9,125000,AMD,1,NO,
BRAND,Xilence,,,XILENCE XP 1250MR9,135000,AMD,1,NO,
BRAND,Xilence,,,XILENCE XC030 I200,0,AMD,1,NO,
BRAND,Xilence,,,XILENCE XC032 I250,4500,AMD,1,NO,
BRAND,Xilence,,,XILENCE XC232 I350 (Compatible with LGA 1700),0,AMD,1,NO,
BRAND,Xilence,,,XILENCE XC029 M403PRO (Compatible with LGA 1700),13000,AMD,1,NO,
BRAND,Xilence,,,XILENCE XC051 M704 (Compatible with LGA 1700),17000,AMD,1,NO,
BRAND,Xilence,,,XILENCE XF039 Fan 120,2200,AMD,1,NO,
BRAND,Xilence,,,XILENCE XZ175 (Adapter for 1700 socket),3000,AMD,1,NO,
BRAND,Xilence,,,XM008 | 75W Mini,8500,AMD,1,NO,
BRAND,Xilence,,,Xilence XG121 | XILENT BLADE,21500,AMD,1,NO,
BRAND,Xilence,,,Xilence XG221 | XILENT BLADE WHITE,28500,AMD,1,NO,
BRAND,Genius,,,"Genius NumPad 1000,BLK,2.4 GHZ",3500,AMD,1,NO,
BRAND,Genius,,,Genius Smart KB-100 USB,3800,AMD,1,NO,
BRAND,Genius,,,Genius Smart KB-101 USB,4000,AMD,1,NO,
BRAND,Genius,,,Genius Smart KB-102 Black USB,4000,AMD,1,NO,
BRAND,Genius,,,Genius Slimstar Q200 USB White,0,AMD,1,NO,
BRAND,Genius,,,Genius Slimstar 126 USB Black,4500,AMD,1,NO,
BRAND,Genius,,,"Genius LUXEMATE 100, USB",4500,AMD,1,NO,
BRAND,Genius,,,"Genius KM-160,BLK,USB(New)",5000,AMD,1,NO,
BRAND,Genius,,,"Genius SlimStar C126,USB(New)",5500,AMD,1,NO,
BRAND,Genius,,,"Genius KM-8101,BLK,RU,2.4GHZ (New)",7500,AMD,1,NO,
BRAND,Genius,,,"Genius KM-8206S,BLK,RU,2.4GHZ (New)",7500,AMD,1,NO,
BRAND,Genius,,,"Genius KM-8230,BLK,RU,2.4GHZ+BT (New)",10000,AMD,1,NO,
BRAND,Genius,,,"Genius KM-8230,WHITE,RU,2.4GHZ+BT (New)",10000,AMD,1,NO,
BRAND,Genius,,,"Genius LUXEMATE Q8000,Wireless",10000,AMD,1,NO,
BRAND,Genius,,,"Genius Smart KM-8100,Wireless",10000,AMD,1,NO,
BRAND,Genius,,,Genius SCORPION K215 USB,8800,AMD,1,NO,
BRAND,Genius,,,Genius SCORPION K220 USB,8800,AMD,1,NO,
BRAND,Genius,,,Genius SCORPION K6 USB,12000,AMD,1,NO,
BRAND,Genius,,,Genius SCORPION K9 USB,14000,AMD,1,NO,
BRAND,Genius,,,Genius SW-G2.1 500,15000,AMD,1,NO,
BRAND,Genius,,,Genius SW-G2.1 1000(New),26000,AMD,1,NO,
BRAND,Genius,,,Genius SW-G2.1 1200(New),28000,AMD,1,NO,
BRAND,Genius,,,Genius SW-G2.1 1250,38000,AMD,1,NO,
BRAND,Genius,,,Genius SW-G2.1 2000 II,44000,AMD,1,NO,
BRAND,Genius,,,Genius SW-G2.1 3000,46000,AMD,1,NO,
BRAND,Genius,,,Genius SW-G5.1 3500,48000,AMD,1,NO,
BRAND,Genius,,,"Genius SP-U115, Blue",3400,AMD,1,NO,
BRAND,Genius,,,"Genius SP-U115, White",3400,AMD,1,NO,
BRAND,Genius,,,"Genius SP-U115, Red",3400,AMD,1,NO,
BRAND,Genius,,,"Genius SP-HF180,Wood",4500,AMD,1,NO,
BRAND,Genius,,,"Genius SP-HF180,Black",4500,AMD,1,NO,
BRAND,Genius,,,"Genius SP-HF280,Wood",6400,AMD,1,NO,
BRAND,Genius,,,"Genius SW-HF2.1 300X,BLACK(New)",14000,AMD,1,NO,
BRAND,Genius,,,"Genius SW-HF2.1 350,WOOD(New)",20000,AMD,1,NO,
BRAND,Genius,,,"Genius SW-HF2.1 350,BLACK(New)",20000,AMD,1,NO,
BRAND,Genius,,,Genius SP-HF500B,0,AMD,1,NO,
BRAND,Genius,,,Genius SP-HF500A II,22000,AMD,1,NO,
BRAND,Genius,,,Genius SP-HF800A II,24000,AMD,1,NO,
BRAND,Genius,,,"Genius SW-HF2.1 1205,WOOD",25000,AMD,1,NO,
BRAND,Genius,,,Genius SP-HF1200B,0,AMD,1,NO,
BRAND,Genius,,,Genius SP-HF1250B II,30000,AMD,1,NO,
BRAND,Genius,,,"Genius SW-HF2.1 1700,WOOD",36000,AMD,1,NO,
BRAND,Genius,,,Genius HF1800A,45000,AMD,1,NO,
BRAND,Genius,,,Genius SW-5.1 1020,24000,AMD,1,NO,
BRAND,Genius,,,Genius SW-5.1 4800 II,65000,AMD,1,NO,
BRAND,Genius,,,Genius SW-5.1 4500 II,65000,AMD,1,NO,
BRAND,Genius,,,"Genius SP-I170,BLUE",6000,AMD,1,NO,
BRAND,Genius,,,"Genius SP-I150,WHITE",6000,AMD,1,NO,
BRAND,Genius,,,"Genius SP-I170,PINK",6000,AMD,1,NO,
BRAND,Genius,,,Genius GX CONTROL P100,2500,AMD,1,NO,
BRAND,Genius,,,Genius GX SPEED P100,2500,AMD,1,NO,
BRAND,Genius,,,"Genius Cam Mouse, USB, Black",3500,AMD,1,NO,
BRAND,Genius,,,Genius Facecam 1000x V2,9500,AMD,1,NO,
BRAND,Genius,,,"Genius GHP-200A,WHITE",1800,AMD,1,NO,
BRAND,Genius,,,Genius HS-220U(New),6800,AMD,1,NO,
BRAND,Genius,,,Genius HS-230U(New),7000,AMD,1,NO,
BRAND,Genius,,,Genius HS-200C,2400,AMD,1,NO,
BRAND,Genius,,,Genius HS-02B,2700,AMD,1,NO,
BRAND,Genius,,,Genius HS-300N,4000,AMD,1,NO,
BRAND,Genius,,,Genius HS-M450 WHITE,5200,AMD,1,NO,
BRAND,Genius,,,Genius HS-M450 black,5200,AMD,1,NO,
BRAND,Genius,,,Genius HS-04S,6000,AMD,1,NO,
BRAND,Genius,,,Genius HS-400A,7500,AMD,1,NO,
BRAND,Genius,,,Genius HS-04SU,7500,AMD,1,NO,
BRAND,Genius,,,Genius HS M505X,8000,AMD,1,NO,
BRAND,Genius,,,Genius HS-05A,9000,AMD,1,NO,
BRAND,Genius,,,Genius HS-610 BLACK,15000,AMD,1,NO,
BRAND,Genius,,,Genius HS-935BT White - Bluetooth,18000,AMD,1,NO,
BRAND,Genius,,,"GENIUS HS-G600V, BLACK",14500,AMD,1,NO,
BRAND,Genius,,,Genius HS-G560,18000,AMD,1,NO,
BRAND,Genius,,,GENIUS HS-G710V,25000,AMD,1,NO,
BRAND,Genius,,,Genius HS-G680,25000,AMD,1,NO,
BRAND,Genius,,,"Genius NX-7000,BLK, Wireless",0,AMD,1,NO,
BRAND,Genius,,,"Genius NX-7000,WHITE, Wireless",4000,AMD,1,NO,
BRAND,Genius,,,"Genius NX-7000,RED, Wireless",4000,AMD,1,NO,
BRAND,Genius,,,"Genius NX-7000, BLUE,Wireless",4000,AMD,1,NO,
BRAND,Genius,,,"Genius NX-7000, GREEN,Wireless",0,AMD,1,NO,
BRAND,Genius,,,"Genius NX-7005.BLACK,Wireless",4000,AMD,1,NO,
BRAND,Genius,,,"Genius NX-7005.WHITE,Wireless",4000,AMD,1,NO,
BRAND,Genius,,,"Genius NX-7005.RED,Wireless",4000,AMD,1,NO,
BRAND,Genius,,,"Genius NX-7007.BLACK,Wireless",4000,AMD,1,NO,
BRAND,Genius,,,"Genius NX-7007.RED,Wireless",4000,AMD,1,NO,
BRAND,Genius,,,"Genius NX-7010, USB, WH+BLUE,Wireless",4200,AMD,1,NO,
BRAND,Genius,,,"Genius NX-7010, USB, WH+RED,Wireless",4200,AMD,1,NO,
BRAND,Genius,,,"Genius NX-7010, USB, MAGENTA,Wireless",4200,AMD,1,NO,
BRAND,Genius,,,"Genius NX-7010, USB,GRAY,Wireless",4200,AMD,1,NO,
BRAND,Genius,,,"Genius NX-8000S,BLK, Wireless",4300,AMD,1,NO,
BRAND,Genius,,,"Genius NX-8000S,RED, Wireless",0,AMD,1,NO,
BRAND,Genius,,,"Genius NX-8006S,BLK, Wireless",4300,AMD,1,NO,
BRAND,Genius,,,"Genius NX-8006S,RED, Wireless",4300,AMD,1,NO,
BRAND,Genius,,,"Genius NX-8008S,BLK, Wireless(New)",4300,AMD,1,NO,
BRAND,Genius,,,"Genius NX-7015, ROSY BROWN,Wireless",4500,AMD,1,NO,
BRAND,Genius,,,"Genius NX-7015,GOLD,Wireless",4500,AMD,1,NO,
BRAND,Genius,,,"Genius NX-7015,SILVER,Wireless",4500,AMD,1,NO,
BRAND,Genius,,,"Genius NX-7015,IRON GREY,Wireless",4500,AMD,1,NO,
BRAND,Genius,,,"Genius NX-7015,CHOCOLATE,Wireless",4500,AMD,1,NO,
BRAND,Genius,,,"Genius NX-7015,BLACK,Wireless(New)",4500,AMD,1,NO,
BRAND,Genius,,,Genius NETSCROLL 100 V2 BLACK,1800,AMD,1,NO,
BRAND,Genius,,,Genius XScroll V3 USB Black,1800,AMD,1,NO,
BRAND,Genius,,,Genius NETSCROLL 120 V2 BLACK,1800,AMD,1,NO,
BRAND,Genius,,,"Genius DX-101, USB, BLACK(New)",1800,AMD,1,NO,
BRAND,Genius,,,"Genius DX-110, USB, BLACK",1800,AMD,1,NO,
BRAND,Genius,,,"Genius DX-110, USB, WHITE",1800,AMD,1,NO,
BRAND,Genius,,,"Genius DX-110, USB, PS/2",1800,AMD,1,NO,
BRAND,Genius,,,"Genius DX-110, USB, BLUE",1800,AMD,1,NO,
BRAND,Genius,,,"Genius DX-110, USB, RED",1800,AMD,1,NO,
BRAND,Genius,,,"Genius DX-120, USB, BLACK",1800,AMD,1,NO,
BRAND,Genius,,,"Genius DX-120, USB, WHITE",1800,AMD,1,NO,
BRAND,Genius,,,"Genius DX-120, USB, RED",1800,AMD,1,NO,
BRAND,Genius,,,Genius DX-150X,2500,AMD,1,NO,
BRAND,Genius,,,"Genius DX-180, USB, BLACK",3500,AMD,1,NO,
BRAND,Genius,,,"Genius DX-170, USB, BLACK",4500,AMD,1,NO,
BRAND,Genius,,,Genius X-G200 USB,4000,AMD,1,NO,
BRAND,Genius,,,"Genius SCORPION SPEAR,USB",5000,AMD,1,NO,
BRAND,Genius,,,Genius Ammaox x1-400,10000,AMD,1,NO,
BRAND,Genius,,,Genius X-G600,12500,AMD,1,NO,
BRAND,Genius,,,"Genius SCORPION M6-600,USB(New)",13500,AMD,1,NO,
BRAND,Genius,,,"Genius SCORPION M8-610,USB(New)",14000,AMD,1,NO,
BRAND,Genius,,,Genius EASYPEN I405X,18000,AMD,1,NO,
BRAND,Genius,,,Genius MOUSEPEN I608X,25000,AMD,1,NO,
BRAND,Tenda,,,"TENDA AC10 Dual-band WiFi 5 (802.11ac) router, Gigabit ports, up to 1167 Mbps combined.",10500,AMD,1,NO,
BRAND,Tenda,,,"TENDA TX12 Pro Dual-band AX (WiFi 6) router, high throughput (AX3000 class)",18000,AMD,1,NO,
BRAND,Tenda,,,"TENDA TX3000Pro Dual-band Gigabit WiFi 6 router, performance model",19000,AMD,1,NO,
BRAND,Tenda,,,"TENDA TE3L Dual-band Wi-Fi 7 router (up to 3600 Mbps), 3 × Gigabit ports, 5 antennas, Mesh support",24000,AMD,1,NO,
BRAND,Tenda,,,"TENDA TE6L Pro Dual-band Wi-Fi 7 router (BE5100), up to 5 Gbps speed, 2.5 G port, 5 antennas, Mesh & WPA3 support.",30000,AMD,1,NO,
BRAND,Tenda,,,"TENDA 4G03 4G LTE CPE router, provides mobile broadband internet for home or small office",16000,AMD,1,NO,
BRAND,Tenda,,,"TENDA 4G03 Pro Enhanced 4G LTE CPE router, higher speed, better coverage, supports multiple devices",13500,AMD,1,NO,
BRAND,Tenda,,,"TENDA MW3(2-pack) AC1200 dual-band mesh Wi-Fi system, covers small homes",25000,AMD,1,NO,
BRAND,Tenda,,,"TENDA EX3(2-pack) AC1200 dual-band mesh Wi-Fi range extenders, improves home coverage",30000,AMD,1,NO,
BRAND,Tenda,,,"TENDA MW3(3-pack) AC1200 dual-band mesh Wi-Fi system, extended coverage for medium homes",37000,AMD,1,NO,
BRAND,Tenda,,,"TENDA EX3(3-pack) AC1200 dual-band mesh Wi-Fi range extenders, larger area coverage",44000,AMD,1,NO,
BRAND,Tenda,,,"TENDA EX12(2-pack) AC1200 dual-band Wi-Fi range extenders, ideal for multi-room coverage",52000,AMD,1,NO,
BRAND,Tenda,,,"TENDA MX21 Pro(2-pack) Wi-Fi 6 mesh system, high-speed dual-band coverage for medium homes",94000,AMD,1,NO,
BRAND,Tenda,,,TENDA CP3 Pro Indoor smart camera,11000,AMD,1,NO,
BRAND,Tenda,,,"TENDA CP7 4 MP pan/tilt indoor camera, 360° rotation, smart tracking",12000,AMD,1,NO,
BRAND,Tenda,,,"TENDA CT3-WCA Outdoor camera (variant in Tenda CT/CH family) with Wi-Fi, pan/tilt & color night vision.",14000,AMD,1,NO,
BRAND,Tenda,,,"TENDA CH3-WCA 3 MP outdoor pan/tilt Wi-Fi camera, full-color night vision, 360° coverage.",16000,AMD,1,NO,
BRAND,Tenda,,,"TENDA CH7-WCA Outdoor 4 MP pan/tilt camera in CH-series, color night vision, smart alerts.",20000,AMD,1,NO,
BRAND,Tenda,,,TENDA CH9-WCA High-end outdoor pan/tilt camera,24000,AMD,1,NO,
BRAND,Tenda,,,TENDA IC7-PRS-4 Multi-sensor PoE camera,12000,AMD,1,NO,
BRAND,Tenda,,,TENDA IT7-PCS-4 Multi-sensor camera,14000,AMD,1,NO,
BRAND,Tenda,,,TENDA N3L-4H 4-channel HD NVR,15000,AMD,1,NO,
BRAND,Tenda,,,TENDA N3L-8H 8-channel HD NVR,19000,AMD,1,NO,
BRAND,Tenda,,,"TENDA N3L-16H 16-channel HD NVR, supports 8 MP input, cloud storage, H.265+ encoding",24000,AMD,1,NO,
BRAND,Tenda,,,TENDA N6P-4H 4-channel PoE HD NVR,24000,AMD,1,NO,
BRAND,Tenda,,,TENDA N6P-8H 8-channel PoE HD NVR,33000,AMD,1,NO,
BRAND,Tenda,,,TENDA SG108 8-Port Gigabit Ethernet Desktop Switch.,5200,AMD,1,NO,
BRAND,Tenda,,,TENDA TEG1016M 16-Port Gigabit Ethernet Metal Switch.,13500,AMD,1,NO,
BRAND,Tenda,,,TENDA TEM2007X 7-Port 2.5G Multi-Gigabit Unmanaged Switch.,22000,AMD,1,NO,
BRAND,Tenda,,,"TENDA TEF1106P-4-63W 6-Port 10/100Mbps PoE Switch (4 PoE ports, 63 W).",10000,AMD,1,NO,
BRAND,Tenda,,,"TENDA TEF1110P-8-63W 10-Port 10/100Mbps PoE Switch (8 PoE ports, 63 W).",13000,AMD,1,NO,
BRAND,Tenda,,,"TENDA TEF1118P-16-150W 18-Port 10/100Mbps PoE Switch (16 PoE ports, 150 W).",40000,AMD,1,NO,
BRAND,Tenda,,,"TENDA TEG2210P-8-120W 10-Port Gigabit PoE Switch (8 PoE ports, 120 W).",35000,AMD,1,NO,
BRAND,Tenda,,,"TENDA TEF1126P-24-250W 26-Port 10/100Mbps PoE Switch (24 PoE ports, 250 W).",58000,AMD,1,NO,
BRAND,Tenda,,,"TENDA TFC300A Gigabit single-mode fiber media converter (WDM), SC port, up to 3 km, Tx 1550nm / Rx 1310nm.",6500,AMD,1,NO,
BRAND,Tenda,,,"TENDA TFC300B Gigabit single-mode fiber media converter (WDM), SC port, up to 3 km, Tx 1310nm / Rx 1550nm.",6500,AMD,1,NO,
BRAND,Tenda,,,TENDA G300-F Cloud-managed Gigabit VPN router for SMB networks,45000,AMD,1,NO,
BRAND,Gembird,,,Gembird KPD-U-03,2500,AMD,1,NO,
BRAND,Gembird,,,Gembird KPD-W-02,3500,AMD,1,NO,
BRAND,Gembird,,,Gembird KB-U-103-Ru,2400,AMD,1,NO,
BRAND,Gembird,,,Gembird GGS-UMG4-01,15000,AMD,1,NO,
BRAND,Gembird,,,Gembird MUS-6B-01,1400,AMD,1,NO,
BRAND,Gembird,,,Gembird MUS-3B-01,1500,AMD,1,NO,
BRAND,Gembird,,,Gembird MUS-105-G,1800,AMD,1,NO,
BRAND,Gembird,,,Gembird MUS-U-106,3500,AMD,1,NO,
BRAND,Gembird,,,Gembird MUS-104-GR,3500,AMD,1,NO,
BRAND,Gembird,,,Gembird MUS-104-R,3500,AMD,1,NO,
BRAND,Gembird,,,Gembird MUSW-4B-01,2000,AMD,1,NO,
BRAND,Gembird,,,Gembird MUSW-4B-01-W,2000,AMD,1,NO,
BRAND,Gembird,,,Gembird MUSW-4B-03-R,2000,AMD,1,NO,
BRAND,Gembird,,,Gembird MUSW-002,2400,AMD,1,NO,
BRAND,Gembird,,,Gembird MUSW-101,2800,AMD,1,NO,
BRAND,Gembird,,,Gembird MUSG-001-B,3500,AMD,1,NO,
BRAND,Gembird,,,Gembird MUSG-001-G,3500,AMD,1,NO,
BRAND,Gembird,,,Gembird MUSG-06,6500,AMD,1,NO,
BRAND,Gembird,,,Gembird MUSG-02,7550,AMD,1,NO,
BRAND,Gembird,,,Gembird MUSG-04,7550,AMD,1,NO,
BRAND,Gembird,,,Gembird MP-S-BK,700,AMD,1,NO,
BRAND,Gembird,,,Gembird MP-GAME-S,1300,AMD,1,NO,
BRAND,Gembird,,,Gembird MP-GAME-M,1500,AMD,1,NO,
BRAND,Gembird,,,Gembird MP-GAME-L,1900,AMD,1,NO,
BRAND,Gembird,,,Gembird MP-GAMEPRO-S,1550,AMD,1,NO,
BRAND,Gembird,,,Gembird MP-GAMEPRO-M,1750,AMD,1,NO,
BRAND,Gembird,,,Gembird MP-GAMEPRO-L,2100,AMD,1,NO,
BRAND,Gembird,,,Gembird MP-GAME-XL,3000,AMD,1,NO,
BRAND,Gembird,,,Gembird MP-GEL-GR,2500,AMD,1,NO,
BRAND,Gembird,,,Gembird MIC-205,1700,AMD,1,NO,
BRAND,Gembird,,,Gembird MIC-D-02,2300,AMD,1,NO,
BRAND,Gembird,,,Gembird MIC -DU- 01,4000,AMD,1,NO,
BRAND,Gembird,,,Gembird MHP-EP-001-W,700,AMD,1,NO,
BRAND,Gembird,,,Gembird MHS-002,2400,AMD,1,NO,
BRAND,Gembird,,,Gembird MHS-001,4100,AMD,1,NO,
BRAND,Gembird,,,Gembird MHS-DTW-R,6000,AMD,1,NO,
BRAND,Gembird,,,Gembird MHS-U-001,7000,AMD,1,NO,
BRAND,Gembird,,,Gembird EE2-U2S-5,4000,AMD,1,NO,
BRAND,Gembird,,,Gembird HDD EE2-U3S-2-Silver,6500,AMD,1,NO,
BRAND,Gembird,,,Gembird HDD EE2-U3S-2-Black,6500,AMD,1,NO,
BRAND,Gembird,,,Gembird EE2280-U3C-01,7500,AMD,1,NO,
BRAND,Gembird,,,Gembird EE3-U3S-3,9800,AMD,1,NO,
BRAND,Gembird,,,Gembird EE2-U31S-1,11100,AMD,1,NO,
BRAND,Gembird,,,Gembird SATA-IDE-2,6000,AMD,1,NO,
BRAND,Gembird,,,Gembird SPC-22,8000,AMD,1,NO,
BRAND,Gembird,,,Gembird PCI COM SPC-1,6000,AMD,1,NO,
BRAND,Gembird,,,Gembird LPC-1 PCI LPT,5500,AMD,1,NO,
BRAND,Gembird,,,Gembird NIC-R1,2400,AMD,1,NO,
BRAND,Gembird,,,Gembird NIC-GX1 - PCI-EX1 Gigabit LAN CARD,6000,AMD,1,NO,
BRAND,Gembird,,,Gembird RC-M.2-01,5000,AMD,1,NO,
BRAND,Gembird,,,Gembird MF-95-01 HDD mounting frame,6500,AMD,1,NO,
BRAND,Gembird,,,Gembird A-DVI-2DVI-01,4850,AMD,1,NO,
BRAND,Gembird,,,Gembird A-DVI-VGA,900,AMD,1,NO,
BRAND,Gembird,,,Gembird UAE-30M,9000,AMD,1,NO,
BRAND,Gembird,,,Gembird Switch 4 pcs CAS 441,0,AMD,1,NO,
BRAND,Gembird,,,Gembird A-DPM-HDMIF-002,0,AMD,1,NO,
BRAND,Gembird,,,Gembird A-HDMI-DVI-1,1600,AMD,1,NO,
BRAND,Gembird,,,Gembird A-HDMI-DVI-3,1600,AMD,1,NO,
BRAND,Gembird,,,Gembird A-CM-HDMIF-02-SG,10100,AMD,1,NO,
BRAND,Gembird,,,Gembird A-CM-LAN-01,10100,AMD,1,NO,
BRAND,Gembird,,,Gembird A-CM-HDMIF-01,9000,AMD,1,NO,
BRAND,Gembird,,,Gembird A-CM-DVIF-01,9600,AMD,1,NO,
BRAND,Gembird,,,Gembird NIC-U2-03,6000,AMD,1,NO,
BRAND,Gembird,,,Gembird A-OTG-AFBM-03,1000,AMD,1,NO,
BRAND,Gembird,,,Gembird UAS-DB9M-02 RS 232,0,AMD,1,NO,
BRAND,Gembird,,,Gembird CC-HDMI4-6,1400,AMD,1,NO,
BRAND,Gembird,,,Gembird CC-HDMI4-10,1800,AMD,1,NO,
BRAND,Gembird,,,Gembird CC-HDMI4-15(4.5m),2000,AMD,1,NO,
BRAND,Gembird,,,Gembird CC-HDMI4-10M,7500,AMD,1,NO,
BRAND,Gembird,,,Gembird CC-HDMI4-15M,17000,AMD,1,NO,
BRAND,Gembird,,,Gembird CC-HDMI4-20M,25200,AMD,1,NO,
BRAND,Gembird,,,Gembird CC-HDMI4-30M,60600,AMD,1,NO,
BRAND,Gembird,,,Gembird CC-DP-HDMI-6,5000,AMD,1,NO,
BRAND,Gembird,,,Gembird CC-VGAX2-20CM,2400,AMD,1,NO,
BRAND,Gembird,,,Gembird CC-PPVGA-15M,8500,AMD,1,NO,
BRAND,Gembird,,,Gembird CC-PPVGA-20M-B,11000,AMD,1,NO,
BRAND,Gembird,,,Gembird CC-PPVGA-30M-B,14000,AMD,1,NO,
BRAND,Gembird,,,Gembird CC-DVI2-BK-10 3m,4000,AMD,1,NO,
BRAND,Gembird,,,Gembird CC-DVI2-BK-10M,16000,AMD,1,NO,
BRAND,Gembird,,,GEMBIRD CC-USB2R-AMCM-2M,2500,AMD,1,NO,
BRAND,Gembird,,,Gembird CCP-mUSB2-AMBM-W-1M,1000,AMD,1,NO,
BRAND,Gembird,,,Gembird CC-USB2-AMLM31-1M,6000,AMD,1,NO,
BRAND,Gembird,,,Gembird CC-USB2-AMLM-2M,1300,AMD,1,NO,
BRAND,Gembird,,,Gembird CCF-USB2-AMBM-6,1000,AMD,1,NO,
BRAND,Gembird,,,Gembird CCF-USB2-AMBM-10,1300,AMD,1,NO,
BRAND,Gembird,,,Gembird CCF-USB2-AMBM-15,1800,AMD,1,NO,
BRAND,Gembird,,,Gembird CCF-USB2-AMAF-10,1300,AMD,1,NO,
BRAND,Gembird,,,Gembird CCF-USB2-AMAF-15,1700,AMD,1,NO,
BRAND,Gembird,,,Gembird CC-USB2-AMLM-1M,900,AMD,1,NO,
BRAND,Gembird,,,Gembird CCA-417W,1000,AMD,1,NO,
BRAND,Gembird,,,Gembird CK-CAD-FL400-01,1400,AMD,1,NO,
BRAND,Gembird,,,Gembird CK-CAD-FL600-01,1800,AMD,1,NO,
BRAND,Gembird,,,Gembird CK-CAD-FL750-01,2000,AMD,1,NO,
BRAND,Gembird,,,Gembird EG-PWC-042,25000,AMD,1,NO,
BRAND,Gembird,,,Gembird EG-PWC-033,26500,AMD,1,NO,
BRAND,Gembird,,,Gembird EG-PWC-045,53500,AMD,1,NO,
BRAND,Gembird,,,PC-SFC14M-01,2000,AMD,1,NO,
BRAND,Gembird,,,PC 184/2 - 1.8M,1000,AMD,1,NO,
BRAND,Gembird,,,PC-189-VDE-1.8M,0,AMD,1,NO,
BRAND,Gembird,,,PC-189-VDE-3M,2100,AMD,1,NO,
BRAND,Gembird,,,PC-189-VDE-5M,2900,AMD,1,NO,
BRAND,Gembird,,,"PC-186-VDE - 1,8M",1200,AMD,1,NO,
BRAND,Gembird,,,"PC-186W-VDE - 1,8M",1200,AMD,1,NO,
BRAND,Gembird,,,PC-186-VDE - 3M,2100,AMD,1,NO,
BRAND,Gembird,,,PC-186-VDE-5M,2600,AMD,1,NO,
BRAND,Gembird,,,PC-186-C19,0,AMD,1,NO,
BRAND,Gembird,,,PC-186-ML12,1600,AMD,1,NO,
BRAND,Gembird,,,"SPG6-B-6PPB(1,8M)",2100,AMD,1,NO,
BRAND,Gembird,,,SPG6-B-10PPB(3M),2300,AMD,1,NO,
BRAND,Gembird,,,SPG6-B-15PPB(5M),2500,AMD,1,NO,
BRAND,Gembird,,,SPX3-B-10PPB,2400,AMD,1,NO,
BRAND,Gembird,,,MA-D1-01,11000,AMD,1,NO,
BRAND,Gembird,,,MA-D2-01,12000,AMD,1,NO,
BRAND,Gembird,,,MA-D3-01,17000,AMD,1,NO,
BRAND,Gembird,,,MA-DA1-04-W,15000,AMD,1,NO,
BRAND,Gembird,,,MA-DA1P-01,21000,AMD,1,NO,
BRAND,Gembird,,,MA-DA2-05,22000,AMD,1,NO,
BRAND,Gembird,,,MA-DA2-02,22000,AMD,1,NO,
BRAND,Gembird,,,MA-DA2P-01,32000,AMD,1,NO,
BRAND,Gembird,,,MA-DA3-01,35000,AMD,1,NO,
BRAND,Gembird,,,MA-DA-03,20000,AMD,1,NO,
BRAND,Gembird,,,MA-DA-04,30000,AMD,1,NO,
BRAND,Gembird,,,MA-DA3-02,40000,AMD,1,NO,
BRAND,Gembird,,,MS-TABLE-03,5500,AMD,1,NO,
BRAND,Gembird,,,MS-D2-01,30000,AMD,1,NO,
BRAND,Gembird,,,WM-70F-03,6000,AMD,1,NO,
BRAND,Gembird,,,WM-80T-01,11000,AMD,1,NO,
BRAND,Gembird,,,TVS-86F-01-BK,60000,AMD,1,NO,
BRAND,Gembird,,,TVS-70T-02,100000,AMD,1,NO,
BRAND,Gembird,,,TVS-100T-02,130000,AMD,1,NO,
BRAND,Gembird,,,TVS-100T-01,220000,AMD,1,NO,
BRAND,Gembird UPS,,,"Gembird EG-UPS-B650 UPS type: line interactive Input: AC 220V±28%, 50Hz/60Hz ±10% Output: AC 220V±10%, 50Hz/60Hz ±0.5% (on battery) Switching time: no more than 10 ms Backup time: up to.20 mins (depends on the load) Battery: 151 x 65 x 95 mm, sealed lead-acid 12V/7Ah x 1 pc Charge time: up to 12 hours Sockets: 2 x Schuko output (CEE 7/4) Operating conditions: 0°C~40°C, at humidity 10~90%RH non condensing Power: 650 VA (390 W) Dimensions: 100 x 280 x 140 mm Product weight: 4.3 kg ""Cold-start"" function",18500,AMD,1,NO,
BRAND,Gembird UPS,,,"Gembird EG-UPS-B850 UPS type: line interactive Input: AC 220V±25%, 50Hz/60Hz ±10% Output: AC 220V±10%, 50Hz/60Hz ±0.5% (on battery) Switching time: 4-8ms Backup time: up to.20 mins (depends on the load) Battery: 151 x 65 x 95 mm, sealed lead-acid 12V/8Ah x 1 pc Charge time: up to 12 hours Sockets: 2 x Schuko output (CEE 7/4) Operating conditions: 0°C~40°C, at humidity 10~90%RH non condensing Power: 850 VA (510 W) Dimensions: 280 x 140 x 100 mm Product weight: 5.5 kg ""Cold-start"" function",25500,AMD,1,NO,
BRAND,Gembird UPS,,,"GEMBIRD EG-UPS-052-S UPS type: line interactive Input: AC 220V±25%, 50Hz/60Hz ±10% Output: AC 220V±10%, 50Hz/60Hz ±0.5% (on battery) Switching time: no more than 10 ms Backup time: 8...20 mins (depends on the load) Battery: sealed lead-acid 12V/7Ah x 2pcs Charge time: up to 12 hours Sockets: input IEC cord, 3x output Schuko sockets Operating conditions: 0°C~40°C, at humidity 10~90%RH non condensing Power: 1200 VA(720 W) Dimensions: 345 x 170 x 140 mm",38800,AMD,1,NO,
BRAND,Gembird UPS,,,"GEMBIRD EG-UPS-053-S UPS type: line interactive Input: AC 220V±25%, 50Hz/60Hz ±10% Output: AC 220V±10%, 50Hz/60Hz ±0.5% (on battery) Switching time: no more than 10 ms Backup time: 8...20 mins (depends on the load) Battery: sealed lead-acid 12V/7Ah x 2pcs Charge time: up to 12 hours Sockets: input IEC cord, 3x output Schuko sockets Operating conditions: 0°C~40°C, at humidity 10~90%RH non condensing Power: 1500 VA (900 W) Dimensions: 345 x 170 x 140 mm Product weight: 10.7 kg",53500,AMD,1,NO,
BRAND,Gembird UPS,,,"Gembird EG-UPSO-2000 UPS type: online, pure sine wave Input: 220V AC ± 25%, 50Hz / 60Hz ± 10% Output: 220V AC ± 1%, 50Hz / 60Hz ± 0.5% (on battery) Output power factor: 0.9 Inverter output efficiency (resistive load): 85%, any load type is allowed Switching time: zero Backup time: 8...20 mins (depends on the load) Battery: 151 x 65 x 95 mm, sealed lead-acid 12 V / 7 Ah / 2.35 kg x 6 pcs (72 VDC) Charge time: 90% capacity restored in 3 hours External battery connectors: yes Sockets: input IEC C14, outputs: 2x Schuko sockets + 3x IEC sockets Interface communication: USB; optional slots: RS485 / dry contacts / SNMP Operating conditions: 0°C~40°C, at humidity 10~90%RH non condensing Noise: < 45 dB (at 1 meter distance) Power: 2000 VA (1600 W) Dimensions: 191 x 419 x 335 mm Product weight: 23.1 kg",195000,AMD,1,NO,
BRAND,Gembird UPS,,,"Gembird EG-UPSO-3000 UPS type: online, pure sine wave Input: 220V AC ± 25%, 50Hz / 60Hz ± 10% Output: 220V AC ± 1%, 50Hz / 60Hz ± 0.5% (on battery) Output power factor: 0.9 Inverter output efficiency (resistive load): 85%, any load type is allowed Switching time: zero Backup time: 8...20 mins (depends on the load) Battery: 151 x 65 x 95 mm, sealed lead-acid 12 V / 9 Ah / 2.35 kg x 6 pcs (72 VDC) Charge time: 90% capacity restored in 3 hours External battery connectors: yes Sockets: input IEC C14, outputs: 2x Schuko sockets + 3x IEC sockets Interface communication: USB; optional slots: RS485 / dry contacts / SNMP Operating conditions: 0°C~40°C, at humidity 10~90%RH non condensing Noise: < 45 dB (at 1 meter distance) Power: 3000 VA (2700 W) Dimensions: 191 x 419 x 335 mm Product weight: 24.3 kg",215000,AMD,1,NO,
BRAND,Gembird UPS,,,"Gembird EG-UPS-PS2000-02 Type: line interactive with pure sine wave Waveform: pure sine, 5% distortion at linear load, PF > 0.8 Input: AC 220V±25%, 50Hz/60Hz ±10% Output: AC 220V±10%, 50Hz/60Hz ±1% (AC 220V±10% at inverter mode) Switching time: up to 10 ms typically Backup time: 10...30 mins (depends on the load) Battery: 151 x 65 x 94 mm, sealed lead-acid 12V/9Ah, F2 terminals x 3 pcs Charge time: up to 90% after 6-8 hours Sockets: C14 input, outputs: 3x IEC C13, 2x Schuko Interface communication: USB + RJ45; optional slots: dry contacts / SNMP Operating conditions: 0°C~40°C, at humidity 10~90%RH non condensing Power: 2000VA (1600 W) Charging current: 1 A (default) Noise: < 50 dB at 1 m distance Dimensions: 144 x 410 x 215 mm Product weight: 18.5 kg",125000,AMD,1,NO,
BRAND,Gembird UPS,,,"Gembird EG-UPS-PS3000-02 Type: line interactive with pure sine wave Waveform: pure sine, 5% distortion at linear load, PF > 0.8 Input: AC 220V±25%, 50Hz/60Hz ±10% Output: AC 220V±10%, 50Hz/60Hz ±1% (AC 220V±10% at inverter mode) Switching time: up to 10 ms typically Backup time: 10...30 mins (depends on the load) Battery: 151 x 65 x 94 mm, sealed lead-acid 12V/9Ah, F2 terminals x 3 pcs Charge time: up to 90% after 6-8 hours Sockets: C14 input, outputs: 3x IEC C13, 2x Schuko Interface communication: USB + RJ45; optional slots: dry contacts / SNMP Operating conditions: 0°C~40°C, at humidity 10~90%RH non condensing Power: 2000VA (1600 W) Charging current: 1 A (default) Noise: < 50 dB at 1 m distance Dimensions: 144 x 410 x 215 mm Product weight: 18.5 kg",185000,AMD,1,NO,
BRAND,Gembird UPS,,,"Gembird UPS-RACK-1500 UPS type: line interactive Input: 220V AC ± 25%, 50Hz / 60Hz ± 10% Output: 220V AC ± 10%, 50Hz / 60Hz ± 0.5% (on battery) Switching time: no more than 10 ms (typically 6 ms) Backup time: 8...20 mins (depends on the load) Battery: 151 x 65 x 95 mm, sealed lead-acid 12 V / 8 Ah / 2.3 kg x 2 pcs Charge time: up to 12 hours Sockets: IEC13 output x 4 pcs, input IEC14, USB-BF control interface, telephone input\output Operating conditions: 0°C~40°C, at humidity 10~90%RH non condensing Noise: < 45 dB (at 1 meter distance) Power: 1500 VA (900 W) Dimensions: 480 x 150 x 350 mm Product weight: 15.8 kg",110000,AMD,1,NO,
BRAND,Gembird UPS,,,"Gembird EG-UPSRACK-12 UPS type: line interactive, pure sine wave Input: 220V AC ± 25%, 50Hz / 60Hz ± 10% Output: 220V AC ± 10%, 50Hz / 60Hz ± 0.5% (on battery) Output power factor: 0.8 Inverter output efficiency (resistive load): 85%, any load type is allowed Switching time: no more than 10 ms (typically 6 ms) Backup time: 8...20 mins (depends on the load) Battery: 151 x 65 x 95 mm, sealed lead-acid 12 V / 9 Ah / 2.3 kg x 3 pcs Charge time: up to 12 hours Sockets: input IEC C14, outputs: Schuko EU type x 1 pc, IEC C13 x 6 pcs Operating conditions: 0°C~40°C, at humidity 10~90%RH non condensing Noise: < 45 dB (at 1 meter distance) Power: 2000 VA (1600 W) Dimensions: 440 x 410 x 132 mm Product weight: 19.8 kg",170000,AMD,1,NO,
BRAND,Gembird UPS,,,"Gembird EG-UPSRACK-13 UPS type: line interactive, pure sine wave Input: 220V AC ± 25%, 50Hz / 60Hz ± 10% Output: 220V AC ± 10%, 50Hz / 60Hz ± 0.5% (on battery) Output power factor: 0.8 Inverter output efficiency (resistive load): 85%, any load type is allowed Switching time: no more than 10 ms (typically 6 ms) Backup time: max. 5 - 40 mins (50 % -10 % load) Battery: 151 x 65 x 95 mm, sealed lead-acid 12 V / 9 Ah / 2.3 kg x 4 pcs Charge time: up to 12 hours Sockets: input IEC C14, outputs: Schuko EU type x 1 pc, IEC C13 x 6 pcs Operating conditions: 0°C~40°C, at humidity 10~90%RH non condensing Noise: < 45 dB (at 1 meter distance) Power: 3000 VA (2400 W) Dimensions: 440 x 410 x 132 mm Product weight: 28.1 kg",195000,AMD,1,NO,
BRAND,Gembird UPS,,,"EG-UPSO-RACK-3000 UPS type: online, pure sine wave Input: 220V AC ± 25%, 50Hz / 60Hz ± 10% Output: 220V AC ± 1%, 50Hz / 60Hz ± 0.5% (on battery) Output power factor: > 0.99 Inverter output efficiency (resistive load): 85%, any load type is allowed Switching time: zero Backup time: 8...20 mins (depends on the load) Battery: 151 x 65 x 95 mm, sealed lead-acid 12 V / 9 Ah / 2.35 kg x 6 pcs, 72VDC Charge time: 90% capacity restored in 3 hours External battery connectors: yes Sockets: input IEC C14, outputs: 8x IEC sockets Interface communication: USB; optional slots: RS485 / dry contacts / SNMP Operating conditions: 0°C~40°C, at humidity 10~90%RH non condensing Noise: < 45 dB (at 1 meter distance) Power: 3000 VA (2700 W) Dimensions: 440 x 728 x 88 mm Product weight: 30.6 kg",225000,AMD,1,NO,
BRAND,Gembird UPS,,,"Gembird EG-UPSO-6000 Type: online Waveform: sine, <2% distortion at linear load (<5% non-linear), PF > 0.99 Input: AC 176 ~ 288 V, 40 - 70 Hz autodetect Output: AC 208 V / 220 V / 230 V / 240 V (settable) ±1%, 45Hz/65Hz autosense Switching time: near 0 ms Backup time: 30 mins (depends on the load) Battery: UPS with sealed lead-acid 12V/7Ah 16 pcs; 192 V DC Charge time: 90% capacity restored in 8 hours Input Sockets: Terminal block input - Single-phase three-wire (1F + N + PE); Output Sockets: Terminal block input; 6x C13 socket outputs Interface communication: USB; optional slots: RS485 / dry contacts / SNMP / battery temperature compensation Operating conditions: 0°C~40°C, at humidity 20~90%RH non condensing Power: 6000 VA (~6000 W) Noise: < 55 dB at 1 m distance Dimensions: 310 x 685 x 941 mm Product weight: 53 kg",525000,AMD,1,NO,
BRAND,Gembird UPS,,,"Gembird EG-UPSO-10000 Type: online Waveform: sine, <2% distortion at linear load (<5% non-linear), PF > 0.99 Input: AC 176 ~ 288 V, 40 - 70 Hz autodetect Output: AC 208 V / 220 V / 230 V / 240 V (settable) ±1%, 45Hz/65Hz autosense Switching time: near 0 ms Backup time: 30 mins (depends on the load) Battery: UPS with sealed lead-acid 12V/9Ah 16 pcs; 192 V DC Charge time: 90% capacity restored in 8 hours Input Sockets: Terminal block input - Single-phase three-wire (1F + N + PE); Output Sockets: Terminal block input; 6x C13 socket outputs Interface communication: USB; optional slots: RS485 / dry contacts / SNMP / battery temperature compensation Operating conditions: 0°C~40°C, at humidity 20~90%RH non condensing Power: 10000VA (~10000 W) Noise: < 55 dB at 1 m distance Dimensions: 310 x 685 x 941 mm Product weight: 62 kg",650000,AMD,1,NO,
BRAND,APC,,BV500I-GR,"BV500I-GR Output: 300W / 500VA, Stepped sinewave Input: 170-280V, Auto-sensing Battery: Lead-acid, 3-5 year lifespan Physical: 93x161x305mm, 3.9kg, Black Environmental: 0-40°C, 0-90% humidity, 0-2032.1m elevation Warranty: 2 years, CE approved",0,AMD,1,NO,
BRAND,APC,,BV650I-GR,"BV650I-GR Output: 375W / 650VA, Stepped sinewave Input: 170–280V, Auto-sensing Battery: 12V 7Ah Sealed Lead-Acid (VRLA), 3–5 year lifespan Physical: 92 x 160 x 305 mm, 4.5 kg, Black Environmental: 0–40°C, 0–90% humidity, 0–1968.3 m elevation Warranty: 2 years, CE approved",25000,AMD,1,NO,
BRAND,APC,,BX750MI-GR,"BX750MI-GR ""UPS type: Line interactive Input: AC 140V-300V±28%, 50Hz/60Hz ±10% Output: AC 230V±10%, 50Hz/60Hz ±0.5% (on battery) Switching time: No more than 10 ms Battery: Lead-acid, 12V, 9 Ah Charge time: Up to 8 hours Sockets: 4x IEC C13 outlets Power: 750 VA (375 W) Dimensions: 305 x 185 x 92 mm Product weight: 6.2 kg""",47000,AMD,1,NO,
BRAND,APC,,BX1600MI-GR,"BX1600MI-GR Input Voltage: 230 V Input Connection Type: Schuko CEE 7/7P Output Connection Type: 4 Schuko Battery Recharge Time: 8 hours UPS Type: Line interactive Maximum Configurable Power in VA: 1600 VA Maximum Configurable Power in W: 900 W Transfer Time: 6 ms typical, 10 ms maximum Operating Temperature: 0°C to 40°C Relative Humidity: 0% to 95% non-condensing Warranty: 2 years repair or replace",0,AMD,1,NO,
BRAND,APC,,BX1600MI,"BX1600MI UPS type: line interactive Input: AC 140V-300V±28%, 50Hz/60Hz ±10% Output: AC 230V±10%, 50Hz/60Hz ±0.5% (on battery) Switching time: no more than 10 ms Battery: Lead-acid,24 V, 168 Volt-Amp-Hour Charge time: up to 8 hours Sockets: 6x IEC C13 outlets Operating conditions: 0°C~40°C, at humidity 0~95%RH non condensing Power: 1600 VA (900 W) Dimensions: 190 x 140 x 390 mm Product weight: 10.3 kg",98000,AMD,1,NO,
BRAND,APC,,SMC2000I-2U,"SMC2000I-2U UPS type: Line‑Interactive Input: AC 230 V; 50 Hz/60 Hz ±3 Hz auto‑sensing; voltage range 180–287 V Output: AC 230 V; sine wave; ≤5 % THD; 50 Hz sync to mains Switching time: Typically 8 ms, max 10 ms Battery: Lead‑acid VRLA, sealed; 1 internal battery cartridge (APCRBC133) Charge time: ~3 hours to 90 % Sockets: 6× IEC‑320 C13 (battery‑powered) + 2× IEC jumper outlets Operating conditions: 0 °C–40 °C; 0–95 % RH non‑condensing Power: 2000 VA (1300 W) Dimensions (H×W×D): 89 × 480 × 470 mm Product weight: 26.2 kg",535000,AMD,1,NO,
BRAND,APC,,SMT2200IC,"SMT2200IC UPS type: Line-Interactive Input: AC 160V–286V, 50/60Hz ±3Hz auto-sensing Output: AC 230V ±10%, 50/60Hz ±1Hz (on battery) Switching time: Typically 2–6 ms, max 10 ms Battery: Lead-acid, 48 V, 432 Volt-Amp-Hour Charge time: Typically 3 hours to 90% Sockets: 8x IEC C13 + 2x IEC C19 outlets Operating conditions: 0°C40°C, humidity 095% RH non-condensing Power: 2200 VA (1980 W) Dimensions: 435 x 196 x 544 mm Product weight: 42.7 kg",540000,AMD,1,NO,
BRAND,APC,,SMT3000IC,"SMT3000IC UPS type: Line-Interactive Input: AC 160V–286V, 50/60Hz ±3Hz auto-sensing Output: AC 230V ±10%, 50/60Hz ±1Hz (on battery) Switching time: Typically 2–6 ms, max 10 ms Battery: Lead-acid, 48 V, 576 Volt-Amp-Hour Charge time: Typically 3 hours to 90% Sockets: 8x IEC C13 + 1x IEC C19 outlets Operating conditions: 0°C40°C, humidity 095% RH non-condensing Power: 3000 VA (2700 W) Dimensions: 435 x 196 x 544 mm Product weight: 48.2 kg",0,AMD,1,NO,
BRAND,VSOL,,VSOL V2801 SE,VSOL V2801 SE 1GE+1FE,5500,AMD,1,NO,
BRAND,VSOL,,VSOL V2801 SG,VSOL V2801 SG 1GE+1FE,6000,AMD,1,NO,
BRAND,VSOL,,VSOL V2802GW,VSOL V2802GW 1GE+1FE+WiFi ONU,13000,AMD,1,NO,
BRAND,VSOL,,VSOL V2802GWT,VSOL V2802GWT 1GE+2FE+1CATV+WiFi ONU,18500,AMD,1,NO,
BRAND,VSOL,,VSOL V2804Z-LE,VSOL V2804Z-LE 1GE+4FE,10000,AMD,1,NO,
BRAND,VSOL,,VSOL V2801D-1GT1,VSOL V2801D-1GT1 1GE+1FE+1CATV,13500,AMD,1,NO,
BRAND,VSOL,,VSOL V2801RW,VSOL V2801RW 1GE+1FE+WiFi ONU,10000,AMD,1,NO,
BRAND,VSOL,,VSOL V1600D8,VSOL V1600D8 8 Port EPON OLT,330000,AMD,1,NO,
BRAND,InFocus,,P131(IN114BB),"P131(IN114BB) DLP, LAMP, XGA, 1024 x 768 , 3800 LUMENS, 15000 HOURS, 2X HDMI, USB-A POWER, 10W AUDIO,",185000,AMD,1,NO,
BRAND,InFocus,,P131(IN118BB),"P131(IN118BB) DLP, LAMP, 1080P, 3400 LUMENS, 15000 HOURS, 2X HDMI, USB-A POWER, 10W AUDIO, GAMING MODE,",280000,AMD,1,NO,
BRAND,InFocus,,P131(IN119BB),"P131(IN119BB) DLP, LAMP, WUXGA, 1920 x 1200 , 3400 LUMENS, 15000 HOURS, 2X HDMI, USB-A POWER, 10W AUDIO, GAMING MODE,",280000,AMD,1,NO,
BRAND,InFocus,,P132(IN116BBST),"P132(IN116BBST) SHORT THROW, DLP, LAMP, WXGA,1280 x 800 , 3600 LUMENS, 15000 HOURS, 2X HDMI, USB-A POWER, 10W AUDIO,",280000,AMD,1,NO,
BRAND,InFocus,,P132(IN118BBST),"P132(IN118BBST) SHORT THROW, DLP, LAMP, 1080P,1920 x 1080 , 3600 LUMENS, 15000 HOURS, 2X HDMI, USB-A POWER, 10W AUDIO, GAMING MODE,",370000,AMD,1,NO,
BRAND,InFocus,,P117(IN2138HD),"P117(IN2138HD) DLP, LAMP, 1080P,1920x1080 , 4500 LUMENS, 15000 HOURS, 3X HDMI, RJ45, USB POWER, 10W AUDIO, TECHSTATION, NETWORK CONTROL, QUAD IMAGE SHIFT, SIDE MASKING",385000,AMD,1,NO,
BRAND,Network,,,Shelf SP SP19A-2U270,4800,AMD,1,NO,
BRAND,Network,,,Shelf SP SP19A-2U350,6500,AMD,1,NO,
BRAND,Network,,,Shelf SP SP19A-2U400,8000,AMD,1,NO,
BRAND,Network,,,Shelf SP SP19A-2U600,12000,AMD,1,NO,
BRAND,Network,,,Shelf SP SP19A-2U800,14500,AMD,1,NO,
BRAND,Network,,,Shelf 19A-S350-01,9500,AMD,1,NO,
BRAND,Network,,,Shelf 19A-S400-01,0,AMD,1,NO,
BRAND,Network,,,Shelf 19A-S800-01,0,AMD,1,NO,
BRAND,Network,,,Mounting set Gembird 19A-FSET-02,5500,AMD,1,NO,
BRAND,Network,,,Cable management Gembird Cable management 19C-CM2,5500,AMD,1,NO,
BRAND,Network,,,Rack drawer Gembird 19A-DRAWER-01,19700,AMD,1,NO,
BRAND,Network,,,Patch Panel Gembird Patch Panel NPP-C524-002,26200,AMD,1,NO,
BRAND,Network,,,Patch Panel Gembird Patch Panel NPP-C524CM-001,17100,AMD,1,NO,
BRAND,Network,,,Patch Panel Gembird Patch Panel NPP-C548CM-001,32300,AMD,1,NO,
BRAND,Network,,,Patch Panel Gembird Patch Panel NPP-C624CM-001,19000,AMD,1,NO,
BRAND,Network,,,Patch Panel Gembird Patch Panel NPP-C648CM-001,34000,AMD,1,NO,
BRAND,Network,,,Rack cover Gembird 19A-C1U-01,0,AMD,1,NO,
BRAND,Network,,,Crimper Gembird T-WC-01,5000,AMD,1,NO,
BRAND,Network,,,Crimper Gembird T-WC-04,3300,AMD,1,NO,
BRAND,Network,,,Tester Gembird Cable Tester NCT-1,3500,AMD,1,NO,
BRAND,Network,,,Tester Gembird Cable Tester NCT-2,5500,AMD,1,NO,
BRAND,Network,,,UTP Cable GEMBIRD PP12-0.25M,250,AMD,1,NO,
BRAND,Network,,,UTP Cable GEMBIRD PP12-0.5M,300,AMD,1,NO,
BRAND,Network,,,UTP Cable GEMBIRD PP12-1M,400,AMD,1,NO,
BRAND,Network,,,UTP Cable GEMBIRD PP12-2M,500,AMD,1,NO,
BRAND,Network,,,UTP Cable GEMBIRD PP12-3M,600,AMD,1,NO,
BRAND,Network,,,UTP Cable GEMBIRD PP12-5M,800,AMD,1,NO,
BRAND,Network,,,UTP Cable GEMBIRD PP12-15M,1800,AMD,1,NO,
BRAND,Network,,,UTP Cable GEMBIRD PP12-20M,2000,AMD,1,NO,
BRAND,Network,,,UTP Cable GEMBIRD PP12-30M,3000,AMD,1,NO,
BRAND,Network,,,UTP Cable GEMBIRD PP6U-3M,1300,AMD,1,NO,
BRAND,Network,,,Fibre optical Patch cords GEMBIRD CFO-MDOM4-LC/LC-0.5 M,1000,AMD,1,NO,
BRAND,Network,,,Fibre optical Patch cords GEMBIRD CFO-MDOM4-LC/LC-1M,1200,AMD,1,NO,
BRAND,Network,,,Fibre optical Patch cords GEMBIRD CFO-MDOM4-LC/LC-2M,1500,AMD,1,NO,
BRAND,Network,,,Fibre optical Patch cords GEMBIRD CFO-MDOM4-LC/LC-3M,1800,AMD,1,NO,
BRAND,Network,,,Fibre optical Patch cords GEMBIRD CFO-MDOM4-LC/LC-5M,2250,AMD,1,NO,
BRAND,Network,,,Fibre optical Patch cords GEMBIRD CFO-MDOM4-LC/LC-10M,3450,AMD,1,NO,
BRAND,Network,,,Fibre optical Patch cords GEMBIRD CFO-MDOM4-LC/LC-15M,4800,AMD,1,NO,
BRAND,Network,,,Fibre optical Patch cords GEMBIRD CFO-MDOM4-LC/LC-20M,6450,AMD,1,NO,
BRAND,Network,,,SP-U5000SC SP-U5000SC UTP 5E Solid copper 0.46mm(305m) ISO/IEC 1801,40000,AMD,1,NO,
BRAND,Network,,,SP-U6000SC SP-U6000SC UTP 6E Solid copper 0.52mm(305m) ISO/IEC 1801,55000,AMD,1,NO,
BRAND,Network,,,SP-F6000SC SP-F6000SC FT P 6E Solid copper 0.56mm(305m) ISO/IEC 1801,70000,AMD,1,NO,
BRAND,Network,,,UTP Cable Gembird UTP Cable UPC-5004E-SOL-3,17000,AMD,1,NO,
BRAND,Network,,,UTP Cable Gembird UTP Cable UPC-5004E-SOL,17500,AMD,1,NO,
BRAND,Network,,,UTP Cable Gembird UTP Cabel UPC-6004SE-SOL,33000,AMD,1,NO,
BRAND,Network,,,UTP Cable Gembird UTP Cable UPC-5004E-SO,60000,AMD,1,NO,
BRAND,Network,,,UTP Cable Gembird UTP Cable UPC-6004SE-SO,63600,AMD,1,NO,
BRAND,Network,,,FTP Cable Gembird FTP Cable FPC-5004E-SOL,23000,AMD,1,NO,
BRAND,Network,,,FTP Cable Gembird FTP Cable FPC-6004-SOL,40200,AMD,1,NO,
BRAND,Network,,,FTP Cable Gembird FTP Cable FPC-5004E-SO,62000,AMD,1,NO,
BRAND,Network,,,FTP Cable Gembird FTP Cable FPC-6004-SO,75000,AMD,1,NO,
BRAND,Network,,,Adapter Gembird NIC-U2-03,6000,AMD,1,NO,
BRAND,Network,,,Connector Acces Gembird BT5GY/100,2200,AMD,1,NO,
BRAND,Network,,,Adapter Gembird NCA-LC5E-001,1000,AMD,1,NO,
BRAND,Network,,,Adapter Gembird NCAC HS SMB2,1800,AMD,1,NO,
BRAND,Network,,,Adapter NCAC-2U5E-01,1800,AMD,1,NO,
BRAND,Network,,,Adapter NCAC-2F5E-01,2000,AMD,1,NO,
BRAND,Network,,,Adapter NCAC-1U5E-01,1200,AMD,1,NO,
BRAND,Network,,,Connector LC-PTU-01/100,3000,AMD,1,NO,
BRAND,Network,,,Connector Gembird PLUG3UP6/100,2200,AMD,1,NO,
BRAND,Network,,,Connector Gembird LC-8P8C-002/100,3000,AMD,1,NO,
BRAND,Network,,,Power GEMBIRD EG-PDU-014,14000,AMD,1,NO,
BRAND,Network,,,Power GEMBIRD EG-PDU-014-C14,14000,AMD,1,NO,
BRAND,Server Cabinets,,SP19R-6U-450M,SP19R-6U-450M Cooler Cooling Fan x 1 / Shelf x 1 / Leght 600 -Depth 450 / Mettal Glass/,34000,AMD,1,NO,
BRAND,Server Cabinets,,SP19R-9U-450M,SP19R-9U-450M Cooler Cooling Fan x 1 / Shelf x 1 / Leght 600 -Depth 450 / Mettal Glass/,37000,AMD,1,NO,
BRAND,Server Cabinets,,SP19R-12U-450M,SP19R-12U-450M Cooler Cooling Fan x 1 / Shelf x 1 / Leght 600 -Depth 450 / Mettal Glass/,45000,AMD,1,NO,
BRAND,Server Cabinets,,SP19R-9U-600M,SP19R-9U-600M Cooler Cooling Fan x 1 / Shelf x 1 / Leght 600 -Depth 600 / Mettal Glass/,45000,AMD,1,NO,
BRAND,Server Cabinets,,SP19R-12U-600M,SP19R-12U-600M Cooler Cooling Fan x 1 / Shelf x 1 / Leght 600 -Depth 600 / Mettal Glass/,50000,AMD,1,NO,
BRAND,Server Cabinets,,SP19R-22U-800GM,SP19R-22U-800GM Cooler Cooling Fan x 4 / Shelf x 1 / Leght 600 -Depth 800 / Mettal Glass/,125000,AMD,1,NO,
BRAND,Server Cabinets,,SP19R-27U-800GM,SP19R-27U-800GM Cooler Cooling Fan x 4 / Shelf x 1 / Leght 600 -Depth 800 / Mettal Glass/,135000,AMD,1,NO,
BRAND,Server Cabinets,,SP19R-32U-800GM,SP19R-32U-800GM Cooler Cooling Fan x 4 / Shelf x 1 / Leght 600 -Depth 800 / Mettal Glass/,145000,AMD,1,NO,
BRAND,Server Cabinets,,SP19R-32U-1000GM,SP19R-32U-1000GM Cooler Cooling Fan x 4 / Shelf x 1 / Leght 600 -Depth 1000 / Mettal Glass/,165000,AMD,1,NO,
BRAND,Server Cabinets,,SP19R-42U-1000GM,SP19R-42U-1000GM Cooler Cooling Fan x 4 / Shelf x 1 / Leght 600 -Depth 1000 / Mettal Glass/,190000,AMD,1,NO,
BRAND,Server Cabinets,,SP19R-42U-1000MM,SP19R-42U-1000MM Cooler Cooling Fan x 4 / Shelf x 1 / Leght 600 -Depth 1000 / Mettal Mettal(Perf)/,200000,AMD,1,NO,
BRAND,Server Cabinets,,SP19R-48U-1200MM,SP19R-48U-1200MM Cooler Cooling Fan x 4 / Shelf x 1 / Leght 1000 -Depth 1200 / Mettal Mettal(Perf)/,240000,AMD,1,NO,
BRAND,Server Cabinets,,SP19R-52U-1200MM,SP19R-52U-1200MM Cooler Cooling Fan x 4 / Shelf x 1 / Leght 1000 -Depth 1200 / Mettal Mettal(Perf)/,260000,AMD,1,NO,
BRAND,Server Cabinets,,SP19R-32OU-1000,SP19R-32OU-1000 Cooler Cooling Fan x 0 / Shelf x 0 / Leght 600 -Depth 1000 / Mettal /,70000,AMD,1,NO,
BRAND,Server Cabinets,,SP19R-42OU-1000,SP19R-42OU-1000 Cooler Cooling Fan x 0 / Shelf x 0/ Leght 600 -Depth 1000 / Mettal /,80000,AMD,1,NO,
BRAND,Server Cabinets,,Server Cabinet - 22U,Server Cabinet - 22U 19C-22U/600-800U-1,145000,AMD,1,NO,
BRAND,Server Cabinets,,Server Cabinet - 27U,Server Cabinet - 27U 19C-27U/600-800U-1,165000,AMD,1,NO,
BRAND,Server Cabinets,,Server Cabinet - 32U,Server Cabinet - 32U 19C-32U/600-1000U-1,175000,AMD,1,NO,
BRAND,Server Cabinets,,Server Cabinet - 32U,Server Cabinet - 32U 19C-32U/600-800U-1,185000,AMD,1,NO,
BRAND,Server Cabinets,,Server Cabinet - 42U,Server Cabinet - 42U 19C-42U/600-1000U-1,230000,AMD,1,NO,
BRAND,Server Cabinets,,Server Case - 2U,Server Case - 2U 19CC-2U-01,45000,AMD,1,NO,
BRAND,Server Cabinets,,Server Case - 3U,Server Case - 3U 19CC-3U-01,54000,AMD,1,NO,
BRAND,Server Cabinets,,Server Case - 4U,Server Case - 4U 19CC-4U-001,60000,AMD,1,NO,
BRAND,Other,,,Grandstream GXP1615,18500,AMD,1,NO,
BRAND,Other,,,Grandstream GXP1625,20000,AMD,1,NO,
BRAND,Other,,,Grandstream GXP2130,30000,AMD,1,NO,
BRAND,Other,,,Gembird UPS battery BAT-12V5AH,6500,AMD,1,NO,
BRAND,Other,,,Gembird UPS battery BAT-12V7AH,7500,AMD,1,NO,
BRAND,Other,,,Gembird UPS battery BAT-12V9AH,9000,AMD,1,NO,
BRAND,Other,,,Gembird UPS battery BAT-12V12AH,12000,AMD,1,NO,
BRAND,Other,,,Gembird UPS battery BAT-12V17AH,16000,AMD,1,NO,
